sex,age_start,age_end,year_start,year_end,cat1,cat2,cat3,cat4
Female,0.0,0.01917808,1990,1991,0.06800536000703136,0.11865976543442691,0.2009824874410063,0.6123523871175354
Female,0.0,0.01917808,1991,1992,0.06809045630161381,0.1187349038051053,0.2007541867208085,0.6124204531724724
Female,0.0,0.01917808,1992,1993,0.06816020631185578,0.11872502673674178,0.20057870181874224,0.6125360651326601
Female,0.0,0.01917808,1993,1994,0.0681844414406892,0.11864499736572572,0.20046616443897172,0.6127043967546133
Female,0.0,0.01917808,1994,1995,0.0681325032344944,0.11850828034430179,0.20042638870123883,0.612932827719965
Female,0.0,0.01917808,1995,1996,0.06797322584715032,0.1183269497660773,0.20046887764166732,0.613230946745105
Female,0.0,0.01917808,1996,1997,0.06774124474650191,0.11824163642802363,0.2007546494405763,0.6132624693848981
Female,0.0,0.01917808,1997,1998,0.06747785451642345,0.11814791153257632,0.20105009796713766,0.6133241359838626
Female,0.0,0.01917808,1998,1999,0.06717026820734871,0.11805576217939985,0.20135933665494396,0.6134146329583074
Female,0.0,0.01917808,1999,2000,0.06681603173889056,0.11797358859671125,0.20168272608766652,0.6135276535767317
Female,0.0,0.01917808,2000,2001,0.06642304865894494,0.11790821809965693,0.20201684457291963,0.6136518886684785
Female,0.0,0.01917808,2001,2002,0.06560547657967229,0.11764138425364537,0.20247198000699623,0.6142811591596861
Female,0.0,0.01917808,2002,2003,0.06475193021538855,0.11736971636274149,0.20303185414907057,0.6148464992727994
Female,0.0,0.01917808,2003,2004,0.06385039877051132,0.11707195518969454,0.20364953247012887,0.6154281135696653
Female,0.0,0.01917808,2004,2005,0.06289676672915918,0.11673786660657817,0.20429124448687372,0.616074122177389
Female,0.0,0.01917808,2005,2006,0.0618948481589533,0.11636824883180416,0.20493636057698805,0.6168005424322545
Female,0.0,0.01917808,2006,2007,0.06133108857835324,0.11622207476406816,0.20538883977264993,0.6170579968849286
Female,0.0,0.01917808,2007,2008,0.060652387021554184,0.11604182926609335,0.20594038038565515,0.6173654033266972
Female,0.0,0.01917808,2008,2009,0.0598945970960158,0.11583516812600625,0.2065270055298149,0.6177432292481632
Female,0.0,0.01917808,2009,2010,0.05910810618982288,0.1156116741567595,0.20708521520506046,0.6181950044483571
Female,0.0,0.01917808,2010,2011,0.058357907588997074,0.11538287400114508,0.2075519142162617,0.6187073041935962
Female,0.0,0.01917808,2011,2012,0.05772101350923055,0.11517174841990208,0.20797457713352904,0.6191326609373383
Female,0.0,0.01917808,2012,2013,0.057088369367275994,0.11492476337469995,0.2083531257298451,0.619633741528179
Female,0.0,0.01917808,2013,2014,0.05645346687095756,0.1146518472515197,0.20869744061498227,0.6201972452625405
Female,0.0,0.01917808,2014,2015,0.05582126237959431,0.11436656529333428,0.20901853351856695,0.6207936388085045
Female,0.0,0.01917808,2015,2016,0.05520814782264202,0.114086102678504,0.2093285575735369,0.621377191925317
Female,0.0,0.01917808,2016,2017,0.055060022823826806,0.11407784287425081,0.20965895075704474,0.6212031835448775
Female,0.0,0.01917808,2017,2018,0.05486748972435004,0.11403128339471773,0.21002425636981242,0.6210769705111199
Female,0.0,0.01917808,2018,2019,0.05498516458349299,0.11386098729440321,0.20981140139966878,0.621342446722435
Female,0.0,0.01917808,2019,2020,0.055065290292524785,0.11365496014876778,0.20965011738693629,0.6216296321717711
Female,0.01917808,0.07671233,1990,1991,0.06372557368535343,0.1154571126340623,0.1998619487013063,0.620955364979278
Female,0.01917808,0.07671233,1991,1992,0.06386443873881649,0.11521099064385645,0.19931361059071734,0.6216109600266096
Female,0.01917808,0.07671233,1992,1993,0.06397156088255894,0.11494584219077887,0.19882097990686604,0.6222616170197962
Female,0.01917808,0.07671233,1993,1994,0.06402006658194855,0.11465863683443356,0.19838053291201554,0.6229407636716023
Female,0.01917808,0.07671233,1994,1995,0.0639837753706945,0.11434841286907801,0.1979789230678992,0.6236888886923284
Female,0.01917808,0.07671233,1995,1996,0.0638371722004775,0.11401624159650875,0.19759295411732675,0.624553632085687
Female,0.01917808,0.07671233,1996,1997,0.06375705055134623,0.11390525907942473,0.1976214465294753,0.6247162438397537
Female,0.01917808,0.07671233,1997,1998,0.06365032603392838,0.1137716792192558,0.1976817364171715,0.6248962583296443
Female,0.01917808,0.07671233,1998,1999,0.06351768981227282,0.11361961748262758,0.19780233274368755,0.625060359961412
Female,0.01917808,0.07671233,1999,2000,0.06336314769966016,0.113457435600929,0.19799069057813398,0.625188726121277
Female,0.01917808,0.07671233,2000,2001,0.06319400578941492,0.11329773019838944,0.1982332407943544,0.6252750232178412
Female,0.01917808,0.07671233,2001,2002,0.06296837817396764,0.11328230280068544,0.1983864728786344,0.6253628461467126
Female,0.01917808,0.07671233,2002,2003,0.06270343956071894,0.11326252805404445,0.1986267360132974,0.6254072963719393
Female,0.01917808,0.07671233,2003,2004,0.06240303136423922,0.11323839474566914,0.19892107896528766,0.625437494924804
Female,0.01917808,0.07671233,2004,2005,0.062072498797723086,0.11320841892940073,0.19924301671826083,0.6254760655546153
Female,0.01917808,0.07671233,2005,2006,0.06171869274879216,0.11316964415504908,0.1995725379598836,0.6255391251362752
Female,0.01917808,0.07671233,2006,2007,0.061396547562016617,0.1132056816251936,0.20016414406411764,0.6252336267486721
Female,0.01917808,0.07671233,2007,2008,0.06096960570550145,0.11321728504320727,0.20085456413977198,0.6249585451115192
Female,0.01917808,0.07671233,2008,2009,0.06047893626531887,0.1132366398326694,0.20157997731081742,0.6247044465911944
Female,0.01917808,0.07671233,2009,2010,0.059963971131421205,0.11328080623585537,0.2022878451128685,0.6244673775198548
Female,0.01917808,0.07671233,2010,2011,0.05946251356320755,0.11335173089910038,0.20293688574829596,0.6242488697893961
Female,0.01917808,0.07671233,2011,2012,0.05881622193105423,0.11323175306871251,0.20353281045782856,0.6244192145424047
Female,0.01917808,0.07671233,2012,2013,0.05812456344328418,0.11303641018637403,0.20409198676258664,0.6247470396077551
Female,0.01917808,0.07671233,2013,2014,0.05740625558462569,0.11279125322650498,0.20463430447794748,0.6251681867109218
Female,0.01917808,0.07671233,2014,2015,0.05669041040501735,0.11252922484136396,0.20517263435555355,0.6256077303980652
Female,0.01917808,0.07671233,2015,2016,0.056016445168706144,0.11229061343764712,0.20571287931856902,0.6259800620750777
Female,0.01917808,0.07671233,2016,2017,0.05491796002934486,0.11191382717005528,0.20632046227929637,0.6268477505213035
Female,0.01917808,0.07671233,2017,2018,0.05378664042570773,0.11152848259637291,0.20692315480614082,0.6277617221717786
Female,0.01917808,0.07671233,2018,2019,0.05347788868437594,0.11153522729652304,0.20734023733798165,0.6276466466811194
Female,0.01917808,0.07671233,2019,2020,0.05322270992418168,0.1115000581374609,0.20768598934355376,0.6275912425948036
Female,0.07671233,1.0,1990,1991,0.06122054797359839,0.12140944197813634,0.21745600095477421,0.599914009093491
Female,0.07671233,1.0,1991,1992,0.06156166333812586,0.1216044520452451,0.21720861788928852,0.5996252667273405
Female,0.07671233,1.0,1992,1993,0.061872055811689274,0.12176368345195511,0.21698205823267927,0.5993822025036764
Female,0.07671233,1.0,1993,1994,0.06213525196016716,0.12188347433688804,0.21678429257269605,0.5991969811302488
Female,0.07671233,1.0,1994,1995,0.06233508025276399,0.1219642254264186,0.21662376813619502,0.5990769261846224
Female,0.07671233,1.0,1995,1996,0.062455668081138074,0.12201039726895459,0.2165094108228446,0.5990245238270627
Female,0.07671233,1.0,1996,1997,0.062320110806693155,0.12217833153326124,0.21689896838892486,0.5986025892711209
Female,0.07671233,1.0,1997,1998,0.062165771447050044,0.1223300049616376,0.21730928775135996,0.5981949358399524
Female,0.07671233,1.0,1998,1999,0.061990121968801416,0.12245720887166785,0.21774090575599536,0.5978117634035354
Female,0.07671233,1.0,1999,2000,0.06179171186703018,0.12255397765658152,0.2181911152488691,0.5974631952275191
Female,0.07671233,1.0,2000,2001,0.06157017747432557,0.12261658638714448,0.21865394576687075,0.5971592903716592
Female,0.07671233,1.0,2001,2002,0.06119423839694192,0.12272474397880133,0.21933801077318407,0.5967430068510727
Female,0.07671233,1.0,2002,2003,0.060697768971228666,0.12281320895836814,0.2201328074776096,0.5963562145927935
Female,0.07671233,1.0,2003,2004,0.0601323123502162,0.12288208187554267,0.2209920039208106,0.5959936018534304
Female,0.07671233,1.0,2004,2005,0.05954176286504258,0.12293308633856789,0.2218789121803417,0.5956462386160478
Female,0.07671233,1.0,2005,2006,0.05896240684229096,0.12296957062459363,0.22276644008822022,0.5953015824448952
Female,0.07671233,1.0,2006,2007,0.05826690790690444,0.12280095541990763,0.2234548394826821,0.5954772971905059
Female,0.07671233,1.0,2007,2008,0.057475538534143854,0.12258483171638608,0.22420881409908175,0.5957308156503883
Female,0.07671233,1.0,2008,2009,0.056615693368803864,0.12233713002997397,0.22499810729254546,0.5960490693086766
Female,0.07671233,1.0,2009,2010,0.0557225395693846,0.12207231090916192,0.22579603246209343,0.59640911705936
Female,0.07671233,1.0,2010,2011,0.0548391186861856,0.12180339211660657,0.22657937386636315,0.5967781153308447
Female,0.07671233,1.0,2011,2012,0.054485470129177975,0.12146437128076966,0.22656037807180474,0.5974897805182475
Female,0.07671233,1.0,2012,2013,0.05411404066686821,0.12108954815172857,0.22650804962443086,0.5982883615569723
Female,0.07671233,1.0,2013,2014,0.053759329370220155,0.12068632810256542,0.22639799666743549,0.599156345859779
Female,0.07671233,1.0,2014,2015,0.0534377436264108,0.12026782486612135,0.2262279098135842,0.6000665216938837
Female,0.07671233,1.0,2015,2016,0.0531476001414728,0.1198528545285328,0.22601755296136564,0.6009819923686288
Female,0.07671233,1.0,2016,2017,0.05305808597734479,0.11954438615956817,0.22560191863368576,0.6017956092294012
Female,0.07671233,1.0,2017,2018,0.05295691179868642,0.119235863222211,0.22513293182216051,0.6026742931569421
Female,0.07671233,1.0,2018,2019,0.05183200861245805,0.11838842825780367,0.2254026834450462,0.6043768796846921
Female,0.07671233,1.0,2019,2020,0.050630741026035854,0.11751389508739579,0.22572160834625551,0.6061337555403128
Female,1.0,5.0,1990,1991,0.02796540415405944,0.0974670756133437,0.2326097492029004,0.6419577710296964
Female,1.0,5.0,1991,1992,0.028248366566658124,0.09760239259560556,0.23214020220074105,0.6420090386369952
Female,1.0,5.0,1992,1993,0.028475453754010865,0.0977094062286672,0.23170115965164634,0.6421139803656757
Female,1.0,5.0,1993,1994,0.028655234547891022,0.09778107725990383,0.2312814283166885,0.6422822598755166
Female,1.0,5.0,1994,1995,0.028792600994193188,0.09781374148230781,0.23087163045567924,0.6425220270678198
Female,1.0,5.0,1995,1996,0.028888770354725358,0.09780711331750895,0.23046420877747278,0.6428399075502929
Female,1.0,5.0,1996,1997,0.028857154799056726,0.09761455824412024,0.230183296339025,0.6433449906177979
Female,1.0,5.0,1997,1998,0.028783396046541274,0.09741210272548803,0.22993341613787743,0.6438710850900933
Female,1.0,5.0,1998,1999,0.028679375796166758,0.0972106344826711,0.229702746137101,0.6444072435840611
Female,1.0,5.0,1999,2000,0.028556685291885996,0.09701833725387965,0.22947692136334438,0.64494805609089
Female,1.0,5.0,2000,2001,0.02842662312864044,0.09684067984203629,0.2292390211820622,0.645493675847261
Female,1.0,5.0,2001,2002,0.02882387099103575,0.09731200877467779,0.22917691165822707,0.6446872085760594
Female,1.0,5.0,2002,2003,0.029164779287037052,0.09767816106689152,0.2291060093291397,0.6440510503169317
Female,1.0,5.0,2003,2004,0.02946246011922253,0.09797700039939133,0.2290211873529542,0.6435393521284319
Female,1.0,5.0,2004,2005,0.02972693216900794,0.0982394622519275,0.2289302421721723,0.6431033634068923
Female,1.0,5.0,2005,2006,0.02996520051576516,0.09848963532826466,0.22885387545787161,0.6426912886980986
Female,1.0,5.0,2006,2007,0.029683743391594887,0.09836580146203482,0.22930775724467076,0.6426426979016996
Female,1.0,5.0,2007,2008,0.029339682455416558,0.0982008421075192,0.2298246427527082,0.6426348326843561
Female,1.0,5.0,2008,2009,0.028970354559825346,0.0980237849962892,0.23036102144700926,0.6426448389968762
Female,1.0,5.0,2009,2010,0.028612359085072456,0.09786051896983179,0.23088506353474308,0.6426420584103527
Female,1.0,5.0,2010,2011,0.028301544534679094,0.09773378666559804,0.23137663772914255,0.6425880310705803
Female,1.0,5.0,2011,2012,0.0280400487067394,0.09753880569469434,0.23178114968428795,0.6426399959142783
Female,1.0,5.0,2012,2013,0.02780879031846085,0.0973715475555901,0.23217097958950725,0.6426486825364418
Female,1.0,5.0,2013,2014,0.027603528104362878,0.09723147370106588,0.2325436247357145,0.6426213734588568
Female,1.0,5.0,2014,2015,0.02741288785957832,0.09711166039825168,0.2329038128284761,0.642571638913694
Female,1.0,5.0,2015,2016,0.0272183597807803,0.09699879704130862,0.2332635082026017,0.6425193349753093
Female,1.0,5.0,2016,2017,0.026603460944304363,0.09645698119451337,0.23405749740712878,0.6428820604540535
Female,1.0,5.0,2017,2018,0.02597943897838758,0.09592822360719666,0.2348162617573749,0.6432760756570408
Female,1.0,5.0,2018,2019,0.025646862833423698,0.09569824547052493,0.2351609707300377,0.6434939209660139
Female,1.0,5.0,2019,2020,0.025304630169417842,0.09543217559818507,0.2355568775949396,0.6437063166374575
Female,5.0,10.0,1990,1991,0.0,0.0,0.0,1.0
Female,5.0,10.0,1991,1992,0.0,0.0,0.0,1.0
Female,5.0,10.0,1992,1993,0.0,0.0,0.0,1.0
Female,5.0,10.0,1993,1994,0.0,0.0,0.0,1.0
Female,5.0,10.0,1994,1995,0.0,0.0,0.0,1.0
Female,5.0,10.0,1995,1996,0.0,0.0,0.0,1.0
Female,5.0,10.0,1996,1997,0.0,0.0,0.0,1.0
Female,5.0,10.0,1997,1998,0.0,0.0,0.0,1.0
Female,5.0,10.0,1998,1999,0.0,0.0,0.0,1.0
Female,5.0,10.0,1999,2000,0.0,0.0,0.0,1.0
Female,5.0,10.0,2000,2001,0.0,0.0,0.0,1.0
Female,5.0,10.0,2001,2002,0.0,0.0,0.0,1.0
Female,5.0,10.0,2002,2003,0.0,0.0,0.0,1.0
Female,5.0,10.0,2003,2004,0.0,0.0,0.0,1.0
Female,5.0,10.0,2004,2005,0.0,0.0,0.0,1.0
Female,5.0,10.0,2005,2006,0.0,0.0,0.0,1.0
Female,5.0,10.0,2006,2007,0.0,0.0,0.0,1.0
Female,5.0,10.0,2007,2008,0.0,0.0,0.0,1.0
Female,5.0,10.0,2008,2009,0.0,0.0,0.0,1.0
Female,5.0,10.0,2009,2010,0.0,0.0,0.0,1.0
Female,5.0,10.0,2010,2011,0.0,0.0,0.0,1.0
Female,5.0,10.0,2011,2012,0.0,0.0,0.0,1.0
Female,5.0,10.0,2012,2013,0.0,0.0,0.0,1.0
Female,5.0,10.0,2013,2014,0.0,0.0,0.0,1.0
Female,5.0,10.0,2014,2015,0.0,0.0,0.0,1.0
Female,5.0,10.0,2015,2016,0.0,0.0,0.0,1.0
Female,5.0,10.0,2016,2017,0.0,0.0,0.0,1.0
Female,5.0,10.0,2017,2018,0.0,0.0,0.0,1.0
Female,5.0,10.0,2018,2019,0.0,0.0,0.0,1.0
Female,5.0,10.0,2019,2020,0.0,0.0,0.0,1.0
Female,10.0,15.0,1990,1991,0.0,0.0,0.0,1.0
Female,10.0,15.0,1991,1992,0.0,0.0,0.0,1.0
Female,10.0,15.0,1992,1993,0.0,0.0,0.0,1.0
Female,10.0,15.0,1993,1994,0.0,0.0,0.0,1.0
Female,10.0,15.0,1994,1995,0.0,0.0,0.0,1.0
Female,10.0,15.0,1995,1996,0.0,0.0,0.0,1.0
Female,10.0,15.0,1996,1997,0.0,0.0,0.0,1.0
Female,10.0,15.0,1997,1998,0.0,0.0,0.0,1.0
Female,10.0,15.0,1998,1999,0.0,0.0,0.0,1.0
Female,10.0,15.0,1999,2000,0.0,0.0,0.0,1.0
Female,10.0,15.0,2000,2001,0.0,0.0,0.0,1.0
Female,10.0,15.0,2001,2002,0.0,0.0,0.0,1.0
Female,10.0,15.0,2002,2003,0.0,0.0,0.0,1.0
Female,10.0,15.0,2003,2004,0.0,0.0,0.0,1.0
Female,10.0,15.0,2004,2005,0.0,0.0,0.0,1.0
Female,10.0,15.0,2005,2006,0.0,0.0,0.0,1.0
Female,10.0,15.0,2006,2007,0.0,0.0,0.0,1.0
Female,10.0,15.0,2007,2008,0.0,0.0,0.0,1.0
Female,10.0,15.0,2008,2009,0.0,0.0,0.0,1.0
Female,10.0,15.0,2009,2010,0.0,0.0,0.0,1.0
Female,10.0,15.0,2010,2011,0.0,0.0,0.0,1.0
Female,10.0,15.0,2011,2012,0.0,0.0,0.0,1.0
Female,10.0,15.0,2012,2013,0.0,0.0,0.0,1.0
Female,10.0,15.0,2013,2014,0.0,0.0,0.0,1.0
Female,10.0,15.0,2014,2015,0.0,0.0,0.0,1.0
Female,10.0,15.0,2015,2016,0.0,0.0,0.0,1.0
Female,10.0,15.0,2016,2017,0.0,0.0,0.0,1.0
Female,10.0,15.0,2017,2018,0.0,0.0,0.0,1.0
Female,10.0,15.0,2018,2019,0.0,0.0,0.0,1.0
Female,10.0,15.0,2019,2020,0.0,0.0,0.0,1.0
Female,15.0,20.0,1990,1991,0.0,0.0,0.0,1.0
Female,15.0,20.0,1991,1992,0.0,0.0,0.0,1.0
Female,15.0,20.0,1992,1993,0.0,0.0,0.0,1.0
Female,15.0,20.0,1993,1994,0.0,0.0,0.0,1.0
Female,15.0,20.0,1994,1995,0.0,0.0,0.0,1.0
Female,15.0,20.0,1995,1996,0.0,0.0,0.0,1.0
Female,15.0,20.0,1996,1997,0.0,0.0,0.0,1.0
Female,15.0,20.0,1997,1998,0.0,0.0,0.0,1.0
Female,15.0,20.0,1998,1999,0.0,0.0,0.0,1.0
Female,15.0,20.0,1999,2000,0.0,0.0,0.0,1.0
Female,15.0,20.0,2000,2001,0.0,0.0,0.0,1.0
Female,15.0,20.0,2001,2002,0.0,0.0,0.0,1.0
Female,15.0,20.0,2002,2003,0.0,0.0,0.0,1.0
Female,15.0,20.0,2003,2004,0.0,0.0,0.0,1.0
Female,15.0,20.0,2004,2005,0.0,0.0,0.0,1.0
Female,15.0,20.0,2005,2006,0.0,0.0,0.0,1.0
Female,15.0,20.0,2006,2007,0.0,0.0,0.0,1.0
Female,15.0,20.0,2007,2008,0.0,0.0,0.0,1.0
Female,15.0,20.0,2008,2009,0.0,0.0,0.0,1.0
Female,15.0,20.0,2009,2010,0.0,0.0,0.0,1.0
Female,15.0,20.0,2010,2011,0.0,0.0,0.0,1.0
Female,15.0,20.0,2011,2012,0.0,0.0,0.0,1.0
Female,15.0,20.0,2012,2013,0.0,0.0,0.0,1.0
Female,15.0,20.0,2013,2014,0.0,0.0,0.0,1.0
Female,15.0,20.0,2014,2015,0.0,0.0,0.0,1.0
Female,15.0,20.0,2015,2016,0.0,0.0,0.0,1.0
Female,15.0,20.0,2016,2017,0.0,0.0,0.0,1.0
Female,15.0,20.0,2017,2018,0.0,0.0,0.0,1.0
Female,15.0,20.0,2018,2019,0.0,0.0,0.0,1.0
Female,15.0,20.0,2019,2020,0.0,0.0,0.0,1.0
Female,20.0,25.0,1990,1991,0.0,0.0,0.0,1.0
Female,20.0,25.0,1991,1992,0.0,0.0,0.0,1.0
Female,20.0,25.0,1992,1993,0.0,0.0,0.0,1.0
Female,20.0,25.0,1993,1994,0.0,0.0,0.0,1.0
Female,20.0,25.0,1994,1995,0.0,0.0,0.0,1.0
Female,20.0,25.0,1995,1996,0.0,0.0,0.0,1.0
Female,20.0,25.0,1996,1997,0.0,0.0,0.0,1.0
Female,20.0,25.0,1997,1998,0.0,0.0,0.0,1.0
Female,20.0,25.0,1998,1999,0.0,0.0,0.0,1.0
Female,20.0,25.0,1999,2000,0.0,0.0,0.0,1.0
Female,20.0,25.0,2000,2001,0.0,0.0,0.0,1.0
Female,20.0,25.0,2001,2002,0.0,0.0,0.0,1.0
Female,20.0,25.0,2002,2003,0.0,0.0,0.0,1.0
Female,20.0,25.0,2003,2004,0.0,0.0,0.0,1.0
Female,20.0,25.0,2004,2005,0.0,0.0,0.0,1.0
Female,20.0,25.0,2005,2006,0.0,0.0,0.0,1.0
Female,20.0,25.0,2006,2007,0.0,0.0,0.0,1.0
Female,20.0,25.0,2007,2008,0.0,0.0,0.0,1.0
Female,20.0,25.0,2008,2009,0.0,0.0,0.0,1.0
Female,20.0,25.0,2009,2010,0.0,0.0,0.0,1.0
Female,20.0,25.0,2010,2011,0.0,0.0,0.0,1.0
Female,20.0,25.0,2011,2012,0.0,0.0,0.0,1.0
Female,20.0,25.0,2012,2013,0.0,0.0,0.0,1.0
Female,20.0,25.0,2013,2014,0.0,0.0,0.0,1.0
Female,20.0,25.0,2014,2015,0.0,0.0,0.0,1.0
Female,20.0,25.0,2015,2016,0.0,0.0,0.0,1.0
Female,20.0,25.0,2016,2017,0.0,0.0,0.0,1.0
Female,20.0,25.0,2017,2018,0.0,0.0,0.0,1.0
Female,20.0,25.0,2018,2019,0.0,0.0,0.0,1.0
Female,20.0,25.0,2019,2020,0.0,0.0,0.0,1.0
Female,25.0,30.0,1990,1991,0.0,0.0,0.0,1.0
Female,25.0,30.0,1991,1992,0.0,0.0,0.0,1.0
Female,25.0,30.0,1992,1993,0.0,0.0,0.0,1.0
Female,25.0,30.0,1993,1994,0.0,0.0,0.0,1.0
Female,25.0,30.0,1994,1995,0.0,0.0,0.0,1.0
Female,25.0,30.0,1995,1996,0.0,0.0,0.0,1.0
Female,25.0,30.0,1996,1997,0.0,0.0,0.0,1.0
Female,25.0,30.0,1997,1998,0.0,0.0,0.0,1.0
Female,25.0,30.0,1998,1999,0.0,0.0,0.0,1.0
Female,25.0,30.0,1999,2000,0.0,0.0,0.0,1.0
Female,25.0,30.0,2000,2001,0.0,0.0,0.0,1.0
Female,25.0,30.0,2001,2002,0.0,0.0,0.0,1.0
Female,25.0,30.0,2002,2003,0.0,0.0,0.0,1.0
Female,25.0,30.0,2003,2004,0.0,0.0,0.0,1.0
Female,25.0,30.0,2004,2005,0.0,0.0,0.0,1.0
Female,25.0,30.0,2005,2006,0.0,0.0,0.0,1.0
Female,25.0,30.0,2006,2007,0.0,0.0,0.0,1.0
Female,25.0,30.0,2007,2008,0.0,0.0,0.0,1.0
Female,25.0,30.0,2008,2009,0.0,0.0,0.0,1.0
Female,25.0,30.0,2009,2010,0.0,0.0,0.0,1.0
Female,25.0,30.0,2010,2011,0.0,0.0,0.0,1.0
Female,25.0,30.0,2011,2012,0.0,0.0,0.0,1.0
Female,25.0,30.0,2012,2013,0.0,0.0,0.0,1.0
Female,25.0,30.0,2013,2014,0.0,0.0,0.0,1.0
Female,25.0,30.0,2014,2015,0.0,0.0,0.0,1.0
Female,25.0,30.0,2015,2016,0.0,0.0,0.0,1.0
Female,25.0,30.0,2016,2017,0.0,0.0,0.0,1.0
Female,25.0,30.0,2017,2018,0.0,0.0,0.0,1.0
Female,25.0,30.0,2018,2019,0.0,0.0,0.0,1.0
Female,25.0,30.0,2019,2020,0.0,0.0,0.0,1.0
Female,30.0,35.0,1990,1991,0.0,0.0,0.0,1.0
Female,30.0,35.0,1991,1992,0.0,0.0,0.0,1.0
Female,30.0,35.0,1992,1993,0.0,0.0,0.0,1.0
Female,30.0,35.0,1993,1994,0.0,0.0,0.0,1.0
Female,30.0,35.0,1994,1995,0.0,0.0,0.0,1.0
Female,30.0,35.0,1995,1996,0.0,0.0,0.0,1.0
Female,30.0,35.0,1996,1997,0.0,0.0,0.0,1.0
Female,30.0,35.0,1997,1998,0.0,0.0,0.0,1.0
Female,30.0,35.0,1998,1999,0.0,0.0,0.0,1.0
Female,30.0,35.0,1999,2000,0.0,0.0,0.0,1.0
Female,30.0,35.0,2000,2001,0.0,0.0,0.0,1.0
Female,30.0,35.0,2001,2002,0.0,0.0,0.0,1.0
Female,30.0,35.0,2002,2003,0.0,0.0,0.0,1.0
Female,30.0,35.0,2003,2004,0.0,0.0,0.0,1.0
Female,30.0,35.0,2004,2005,0.0,0.0,0.0,1.0
Female,30.0,35.0,2005,2006,0.0,0.0,0.0,1.0
Female,30.0,35.0,2006,2007,0.0,0.0,0.0,1.0
Female,30.0,35.0,2007,2008,0.0,0.0,0.0,1.0
Female,30.0,35.0,2008,2009,0.0,0.0,0.0,1.0
Female,30.0,35.0,2009,2010,0.0,0.0,0.0,1.0
Female,30.0,35.0,2010,2011,0.0,0.0,0.0,1.0
Female,30.0,35.0,2011,2012,0.0,0.0,0.0,1.0
Female,30.0,35.0,2012,2013,0.0,0.0,0.0,1.0
Female,30.0,35.0,2013,2014,0.0,0.0,0.0,1.0
Female,30.0,35.0,2014,2015,0.0,0.0,0.0,1.0
Female,30.0,35.0,2015,2016,0.0,0.0,0.0,1.0
Female,30.0,35.0,2016,2017,0.0,0.0,0.0,1.0
Female,30.0,35.0,2017,2018,0.0,0.0,0.0,1.0
Female,30.0,35.0,2018,2019,0.0,0.0,0.0,1.0
Female,30.0,35.0,2019,2020,0.0,0.0,0.0,1.0
Female,35.0,40.0,1990,1991,0.0,0.0,0.0,1.0
Female,35.0,40.0,1991,1992,0.0,0.0,0.0,1.0
Female,35.0,40.0,1992,1993,0.0,0.0,0.0,1.0
Female,35.0,40.0,1993,1994,0.0,0.0,0.0,1.0
Female,35.0,40.0,1994,1995,0.0,0.0,0.0,1.0
Female,35.0,40.0,1995,1996,0.0,0.0,0.0,1.0
Female,35.0,40.0,1996,1997,0.0,0.0,0.0,1.0
Female,35.0,40.0,1997,1998,0.0,0.0,0.0,1.0
Female,35.0,40.0,1998,1999,0.0,0.0,0.0,1.0
Female,35.0,40.0,1999,2000,0.0,0.0,0.0,1.0
Female,35.0,40.0,2000,2001,0.0,0.0,0.0,1.0
Female,35.0,40.0,2001,2002,0.0,0.0,0.0,1.0
Female,35.0,40.0,2002,2003,0.0,0.0,0.0,1.0
Female,35.0,40.0,2003,2004,0.0,0.0,0.0,1.0
Female,35.0,40.0,2004,2005,0.0,0.0,0.0,1.0
Female,35.0,40.0,2005,2006,0.0,0.0,0.0,1.0
Female,35.0,40.0,2006,2007,0.0,0.0,0.0,1.0
Female,35.0,40.0,2007,2008,0.0,0.0,0.0,1.0
Female,35.0,40.0,2008,2009,0.0,0.0,0.0,1.0
Female,35.0,40.0,2009,2010,0.0,0.0,0.0,1.0
Female,35.0,40.0,2010,2011,0.0,0.0,0.0,1.0
Female,35.0,40.0,2011,2012,0.0,0.0,0.0,1.0
Female,35.0,40.0,2012,2013,0.0,0.0,0.0,1.0
Female,35.0,40.0,2013,2014,0.0,0.0,0.0,1.0
Female,35.0,40.0,2014,2015,0.0,0.0,0.0,1.0
Female,35.0,40.0,2015,2016,0.0,0.0,0.0,1.0
Female,35.0,40.0,2016,2017,0.0,0.0,0.0,1.0
Female,35.0,40.0,2017,2018,0.0,0.0,0.0,1.0
Female,35.0,40.0,2018,2019,0.0,0.0,0.0,1.0
Female,35.0,40.0,2019,2020,0.0,0.0,0.0,1.0
Female,40.0,45.0,1990,1991,0.0,0.0,0.0,1.0
Female,40.0,45.0,1991,1992,0.0,0.0,0.0,1.0
Female,40.0,45.0,1992,1993,0.0,0.0,0.0,1.0
Female,40.0,45.0,1993,1994,0.0,0.0,0.0,1.0
Female,40.0,45.0,1994,1995,0.0,0.0,0.0,1.0
Female,40.0,45.0,1995,1996,0.0,0.0,0.0,1.0
Female,40.0,45.0,1996,1997,0.0,0.0,0.0,1.0
Female,40.0,45.0,1997,1998,0.0,0.0,0.0,1.0
Female,40.0,45.0,1998,1999,0.0,0.0,0.0,1.0
Female,40.0,45.0,1999,2000,0.0,0.0,0.0,1.0
Female,40.0,45.0,2000,2001,0.0,0.0,0.0,1.0
Female,40.0,45.0,2001,2002,0.0,0.0,0.0,1.0
Female,40.0,45.0,2002,2003,0.0,0.0,0.0,1.0
Female,40.0,45.0,2003,2004,0.0,0.0,0.0,1.0
Female,40.0,45.0,2004,2005,0.0,0.0,0.0,1.0
Female,40.0,45.0,2005,2006,0.0,0.0,0.0,1.0
Female,40.0,45.0,2006,2007,0.0,0.0,0.0,1.0
Female,40.0,45.0,2007,2008,0.0,0.0,0.0,1.0
Female,40.0,45.0,2008,2009,0.0,0.0,0.0,1.0
Female,40.0,45.0,2009,2010,0.0,0.0,0.0,1.0
Female,40.0,45.0,2010,2011,0.0,0.0,0.0,1.0
Female,40.0,45.0,2011,2012,0.0,0.0,0.0,1.0
Female,40.0,45.0,2012,2013,0.0,0.0,0.0,1.0
Female,40.0,45.0,2013,2014,0.0,0.0,0.0,1.0
Female,40.0,45.0,2014,2015,0.0,0.0,0.0,1.0
Female,40.0,45.0,2015,2016,0.0,0.0,0.0,1.0
Female,40.0,45.0,2016,2017,0.0,0.0,0.0,1.0
Female,40.0,45.0,2017,2018,0.0,0.0,0.0,1.0
Female,40.0,45.0,2018,2019,0.0,0.0,0.0,1.0
Female,40.0,45.0,2019,2020,0.0,0.0,0.0,1.0
Female,45.0,50.0,1990,1991,0.0,0.0,0.0,1.0
Female,45.0,50.0,1991,1992,0.0,0.0,0.0,1.0
Female,45.0,50.0,1992,1993,0.0,0.0,0.0,1.0
Female,45.0,50.0,1993,1994,0.0,0.0,0.0,1.0
Female,45.0,50.0,1994,1995,0.0,0.0,0.0,1.0
Female,45.0,50.0,1995,1996,0.0,0.0,0.0,1.0
Female,45.0,50.0,1996,1997,0.0,0.0,0.0,1.0
Female,45.0,50.0,1997,1998,0.0,0.0,0.0,1.0
Female,45.0,50.0,1998,1999,0.0,0.0,0.0,1.0
Female,45.0,50.0,1999,2000,0.0,0.0,0.0,1.0
Female,45.0,50.0,2000,2001,0.0,0.0,0.0,1.0
Female,45.0,50.0,2001,2002,0.0,0.0,0.0,1.0
Female,45.0,50.0,2002,2003,0.0,0.0,0.0,1.0
Female,45.0,50.0,2003,2004,0.0,0.0,0.0,1.0
Female,45.0,50.0,2004,2005,0.0,0.0,0.0,1.0
Female,45.0,50.0,2005,2006,0.0,0.0,0.0,1.0
Female,45.0,50.0,2006,2007,0.0,0.0,0.0,1.0
Female,45.0,50.0,2007,2008,0.0,0.0,0.0,1.0
Female,45.0,50.0,2008,2009,0.0,0.0,0.0,1.0
Female,45.0,50.0,2009,2010,0.0,0.0,0.0,1.0
Female,45.0,50.0,2010,2011,0.0,0.0,0.0,1.0
Female,45.0,50.0,2011,2012,0.0,0.0,0.0,1.0
Female,45.0,50.0,2012,2013,0.0,0.0,0.0,1.0
Female,45.0,50.0,2013,2014,0.0,0.0,0.0,1.0
Female,45.0,50.0,2014,2015,0.0,0.0,0.0,1.0
Female,45.0,50.0,2015,2016,0.0,0.0,0.0,1.0
Female,45.0,50.0,2016,2017,0.0,0.0,0.0,1.0
Female,45.0,50.0,2017,2018,0.0,0.0,0.0,1.0
Female,45.0,50.0,2018,2019,0.0,0.0,0.0,1.0
Female,45.0,50.0,2019,2020,0.0,0.0,0.0,1.0
Female,50.0,55.0,1990,1991,0.0,0.0,0.0,1.0
Female,50.0,55.0,1991,1992,0.0,0.0,0.0,1.0
Female,50.0,55.0,1992,1993,0.0,0.0,0.0,1.0
Female,50.0,55.0,1993,1994,0.0,0.0,0.0,1.0
Female,50.0,55.0,1994,1995,0.0,0.0,0.0,1.0
Female,50.0,55.0,1995,1996,0.0,0.0,0.0,1.0
Female,50.0,55.0,1996,1997,0.0,0.0,0.0,1.0
Female,50.0,55.0,1997,1998,0.0,0.0,0.0,1.0
Female,50.0,55.0,1998,1999,0.0,0.0,0.0,1.0
Female,50.0,55.0,1999,2000,0.0,0.0,0.0,1.0
Female,50.0,55.0,2000,2001,0.0,0.0,0.0,1.0
Female,50.0,55.0,2001,2002,0.0,0.0,0.0,1.0
Female,50.0,55.0,2002,2003,0.0,0.0,0.0,1.0
Female,50.0,55.0,2003,2004,0.0,0.0,0.0,1.0
Female,50.0,55.0,2004,2005,0.0,0.0,0.0,1.0
Female,50.0,55.0,2005,2006,0.0,0.0,0.0,1.0
Female,50.0,55.0,2006,2007,0.0,0.0,0.0,1.0
Female,50.0,55.0,2007,2008,0.0,0.0,0.0,1.0
Female,50.0,55.0,2008,2009,0.0,0.0,0.0,1.0
Female,50.0,55.0,2009,2010,0.0,0.0,0.0,1.0
Female,50.0,55.0,2010,2011,0.0,0.0,0.0,1.0
Female,50.0,55.0,2011,2012,0.0,0.0,0.0,1.0
Female,50.0,55.0,2012,2013,0.0,0.0,0.0,1.0
Female,50.0,55.0,2013,2014,0.0,0.0,0.0,1.0
Female,50.0,55.0,2014,2015,0.0,0.0,0.0,1.0
Female,50.0,55.0,2015,2016,0.0,0.0,0.0,1.0
Female,50.0,55.0,2016,2017,0.0,0.0,0.0,1.0
Female,50.0,55.0,2017,2018,0.0,0.0,0.0,1.0
Female,50.0,55.0,2018,2019,0.0,0.0,0.0,1.0
Female,50.0,55.0,2019,2020,0.0,0.0,0.0,1.0
Female,55.0,60.0,1990,1991,0.0,0.0,0.0,1.0
Female,55.0,60.0,1991,1992,0.0,0.0,0.0,1.0
Female,55.0,60.0,1992,1993,0.0,0.0,0.0,1.0
Female,55.0,60.0,1993,1994,0.0,0.0,0.0,1.0
Female,55.0,60.0,1994,1995,0.0,0.0,0.0,1.0
Female,55.0,60.0,1995,1996,0.0,0.0,0.0,1.0
Female,55.0,60.0,1996,1997,0.0,0.0,0.0,1.0
Female,55.0,60.0,1997,1998,0.0,0.0,0.0,1.0
Female,55.0,60.0,1998,1999,0.0,0.0,0.0,1.0
Female,55.0,60.0,1999,2000,0.0,0.0,0.0,1.0
Female,55.0,60.0,2000,2001,0.0,0.0,0.0,1.0
Female,55.0,60.0,2001,2002,0.0,0.0,0.0,1.0
Female,55.0,60.0,2002,2003,0.0,0.0,0.0,1.0
Female,55.0,60.0,2003,2004,0.0,0.0,0.0,1.0
Female,55.0,60.0,2004,2005,0.0,0.0,0.0,1.0
Female,55.0,60.0,2005,2006,0.0,0.0,0.0,1.0
Female,55.0,60.0,2006,2007,0.0,0.0,0.0,1.0
Female,55.0,60.0,2007,2008,0.0,0.0,0.0,1.0
Female,55.0,60.0,2008,2009,0.0,0.0,0.0,1.0
Female,55.0,60.0,2009,2010,0.0,0.0,0.0,1.0
Female,55.0,60.0,2010,2011,0.0,0.0,0.0,1.0
Female,55.0,60.0,2011,2012,0.0,0.0,0.0,1.0
Female,55.0,60.0,2012,2013,0.0,0.0,0.0,1.0
Female,55.0,60.0,2013,2014,0.0,0.0,0.0,1.0
Female,55.0,60.0,2014,2015,0.0,0.0,0.0,1.0
Female,55.0,60.0,2015,2016,0.0,0.0,0.0,1.0
Female,55.0,60.0,2016,2017,0.0,0.0,0.0,1.0
Female,55.0,60.0,2017,2018,0.0,0.0,0.0,1.0
Female,55.0,60.0,2018,2019,0.0,0.0,0.0,1.0
Female,55.0,60.0,2019,2020,0.0,0.0,0.0,1.0
Female,60.0,65.0,1990,1991,0.0,0.0,0.0,1.0
Female,60.0,65.0,1991,1992,0.0,0.0,0.0,1.0
Female,60.0,65.0,1992,1993,0.0,0.0,0.0,1.0
Female,60.0,65.0,1993,1994,0.0,0.0,0.0,1.0
Female,60.0,65.0,1994,1995,0.0,0.0,0.0,1.0
Female,60.0,65.0,1995,1996,0.0,0.0,0.0,1.0
Female,60.0,65.0,1996,1997,0.0,0.0,0.0,1.0
Female,60.0,65.0,1997,1998,0.0,0.0,0.0,1.0
Female,60.0,65.0,1998,1999,0.0,0.0,0.0,1.0
Female,60.0,65.0,1999,2000,0.0,0.0,0.0,1.0
Female,60.0,65.0,2000,2001,0.0,0.0,0.0,1.0
Female,60.0,65.0,2001,2002,0.0,0.0,0.0,1.0
Female,60.0,65.0,2002,2003,0.0,0.0,0.0,1.0
Female,60.0,65.0,2003,2004,0.0,0.0,0.0,1.0
Female,60.0,65.0,2004,2005,0.0,0.0,0.0,1.0
Female,60.0,65.0,2005,2006,0.0,0.0,0.0,1.0
Female,60.0,65.0,2006,2007,0.0,0.0,0.0,1.0
Female,60.0,65.0,2007,2008,0.0,0.0,0.0,1.0
Female,60.0,65.0,2008,2009,0.0,0.0,0.0,1.0
Female,60.0,65.0,2009,2010,0.0,0.0,0.0,1.0
Female,60.0,65.0,2010,2011,0.0,0.0,0.0,1.0
Female,60.0,65.0,2011,2012,0.0,0.0,0.0,1.0
Female,60.0,65.0,2012,2013,0.0,0.0,0.0,1.0
Female,60.0,65.0,2013,2014,0.0,0.0,0.0,1.0
Female,60.0,65.0,2014,2015,0.0,0.0,0.0,1.0
Female,60.0,65.0,2015,2016,0.0,0.0,0.0,1.0
Female,60.0,65.0,2016,2017,0.0,0.0,0.0,1.0
Female,60.0,65.0,2017,2018,0.0,0.0,0.0,1.0
Female,60.0,65.0,2018,2019,0.0,0.0,0.0,1.0
Female,60.0,65.0,2019,2020,0.0,0.0,0.0,1.0
Female,65.0,70.0,1990,1991,0.0,0.0,0.0,1.0
Female,65.0,70.0,1991,1992,0.0,0.0,0.0,1.0
Female,65.0,70.0,1992,1993,0.0,0.0,0.0,1.0
Female,65.0,70.0,1993,1994,0.0,0.0,0.0,1.0
Female,65.0,70.0,1994,1995,0.0,0.0,0.0,1.0
Female,65.0,70.0,1995,1996,0.0,0.0,0.0,1.0
Female,65.0,70.0,1996,1997,0.0,0.0,0.0,1.0
Female,65.0,70.0,1997,1998,0.0,0.0,0.0,1.0
Female,65.0,70.0,1998,1999,0.0,0.0,0.0,1.0
Female,65.0,70.0,1999,2000,0.0,0.0,0.0,1.0
Female,65.0,70.0,2000,2001,0.0,0.0,0.0,1.0
Female,65.0,70.0,2001,2002,0.0,0.0,0.0,1.0
Female,65.0,70.0,2002,2003,0.0,0.0,0.0,1.0
Female,65.0,70.0,2003,2004,0.0,0.0,0.0,1.0
Female,65.0,70.0,2004,2005,0.0,0.0,0.0,1.0
Female,65.0,70.0,2005,2006,0.0,0.0,0.0,1.0
Female,65.0,70.0,2006,2007,0.0,0.0,0.0,1.0
Female,65.0,70.0,2007,2008,0.0,0.0,0.0,1.0
Female,65.0,70.0,2008,2009,0.0,0.0,0.0,1.0
Female,65.0,70.0,2009,2010,0.0,0.0,0.0,1.0
Female,65.0,70.0,2010,2011,0.0,0.0,0.0,1.0
Female,65.0,70.0,2011,2012,0.0,0.0,0.0,1.0
Female,65.0,70.0,2012,2013,0.0,0.0,0.0,1.0
Female,65.0,70.0,2013,2014,0.0,0.0,0.0,1.0
Female,65.0,70.0,2014,2015,0.0,0.0,0.0,1.0
Female,65.0,70.0,2015,2016,0.0,0.0,0.0,1.0
Female,65.0,70.0,2016,2017,0.0,0.0,0.0,1.0
Female,65.0,70.0,2017,2018,0.0,0.0,0.0,1.0
Female,65.0,70.0,2018,2019,0.0,0.0,0.0,1.0
Female,65.0,70.0,2019,2020,0.0,0.0,0.0,1.0
Female,70.0,75.0,1990,1991,0.0,0.0,0.0,1.0
Female,70.0,75.0,1991,1992,0.0,0.0,0.0,1.0
Female,70.0,75.0,1992,1993,0.0,0.0,0.0,1.0
Female,70.0,75.0,1993,1994,0.0,0.0,0.0,1.0
Female,70.0,75.0,1994,1995,0.0,0.0,0.0,1.0
Female,70.0,75.0,1995,1996,0.0,0.0,0.0,1.0
Female,70.0,75.0,1996,1997,0.0,0.0,0.0,1.0
Female,70.0,75.0,1997,1998,0.0,0.0,0.0,1.0
Female,70.0,75.0,1998,1999,0.0,0.0,0.0,1.0
Female,70.0,75.0,1999,2000,0.0,0.0,0.0,1.0
Female,70.0,75.0,2000,2001,0.0,0.0,0.0,1.0
Female,70.0,75.0,2001,2002,0.0,0.0,0.0,1.0
Female,70.0,75.0,2002,2003,0.0,0.0,0.0,1.0
Female,70.0,75.0,2003,2004,0.0,0.0,0.0,1.0
Female,70.0,75.0,2004,2005,0.0,0.0,0.0,1.0
Female,70.0,75.0,2005,2006,0.0,0.0,0.0,1.0
Female,70.0,75.0,2006,2007,0.0,0.0,0.0,1.0
Female,70.0,75.0,2007,2008,0.0,0.0,0.0,1.0
Female,70.0,75.0,2008,2009,0.0,0.0,0.0,1.0
Female,70.0,75.0,2009,2010,0.0,0.0,0.0,1.0
Female,70.0,75.0,2010,2011,0.0,0.0,0.0,1.0
Female,70.0,75.0,2011,2012,0.0,0.0,0.0,1.0
Female,70.0,75.0,2012,2013,0.0,0.0,0.0,1.0
Female,70.0,75.0,2013,2014,0.0,0.0,0.0,1.0
Female,70.0,75.0,2014,2015,0.0,0.0,0.0,1.0
Female,70.0,75.0,2015,2016,0.0,0.0,0.0,1.0
Female,70.0,75.0,2016,2017,0.0,0.0,0.0,1.0
Female,70.0,75.0,2017,2018,0.0,0.0,0.0,1.0
Female,70.0,75.0,2018,2019,0.0,0.0,0.0,1.0
Female,70.0,75.0,2019,2020,0.0,0.0,0.0,1.0
Female,75.0,80.0,1990,1991,0.0,0.0,0.0,1.0
Female,75.0,80.0,1991,1992,0.0,0.0,0.0,1.0
Female,75.0,80.0,1992,1993,0.0,0.0,0.0,1.0
Female,75.0,80.0,1993,1994,0.0,0.0,0.0,1.0
Female,75.0,80.0,1994,1995,0.0,0.0,0.0,1.0
Female,75.0,80.0,1995,1996,0.0,0.0,0.0,1.0
Female,75.0,80.0,1996,1997,0.0,0.0,0.0,1.0
Female,75.0,80.0,1997,1998,0.0,0.0,0.0,1.0
Female,75.0,80.0,1998,1999,0.0,0.0,0.0,1.0
Female,75.0,80.0,1999,2000,0.0,0.0,0.0,1.0
Female,75.0,80.0,2000,2001,0.0,0.0,0.0,1.0
Female,75.0,80.0,2001,2002,0.0,0.0,0.0,1.0
Female,75.0,80.0,2002,2003,0.0,0.0,0.0,1.0
Female,75.0,80.0,2003,2004,0.0,0.0,0.0,1.0
Female,75.0,80.0,2004,2005,0.0,0.0,0.0,1.0
Female,75.0,80.0,2005,2006,0.0,0.0,0.0,1.0
Female,75.0,80.0,2006,2007,0.0,0.0,0.0,1.0
Female,75.0,80.0,2007,2008,0.0,0.0,0.0,1.0
Female,75.0,80.0,2008,2009,0.0,0.0,0.0,1.0
Female,75.0,80.0,2009,2010,0.0,0.0,0.0,1.0
Female,75.0,80.0,2010,2011,0.0,0.0,0.0,1.0
Female,75.0,80.0,2011,2012,0.0,0.0,0.0,1.0
Female,75.0,80.0,2012,2013,0.0,0.0,0.0,1.0
Female,75.0,80.0,2013,2014,0.0,0.0,0.0,1.0
Female,75.0,80.0,2014,2015,0.0,0.0,0.0,1.0
Female,75.0,80.0,2015,2016,0.0,0.0,0.0,1.0
Female,75.0,80.0,2016,2017,0.0,0.0,0.0,1.0
Female,75.0,80.0,2017,2018,0.0,0.0,0.0,1.0
Female,75.0,80.0,2018,2019,0.0,0.0,0.0,1.0
Female,75.0,80.0,2019,2020,0.0,0.0,0.0,1.0
Female,80.0,85.0,1990,1991,0.0,0.0,0.0,1.0
Female,80.0,85.0,1991,1992,0.0,0.0,0.0,1.0
Female,80.0,85.0,1992,1993,0.0,0.0,0.0,1.0
Female,80.0,85.0,1993,1994,0.0,0.0,0.0,1.0
Female,80.0,85.0,1994,1995,0.0,0.0,0.0,1.0
Female,80.0,85.0,1995,1996,0.0,0.0,0.0,1.0
Female,80.0,85.0,1996,1997,0.0,0.0,0.0,1.0
Female,80.0,85.0,1997,1998,0.0,0.0,0.0,1.0
Female,80.0,85.0,1998,1999,0.0,0.0,0.0,1.0
Female,80.0,85.0,1999,2000,0.0,0.0,0.0,1.0
Female,80.0,85.0,2000,2001,0.0,0.0,0.0,1.0
Female,80.0,85.0,2001,2002,0.0,0.0,0.0,1.0
Female,80.0,85.0,2002,2003,0.0,0.0,0.0,1.0
Female,80.0,85.0,2003,2004,0.0,0.0,0.0,1.0
Female,80.0,85.0,2004,2005,0.0,0.0,0.0,1.0
Female,80.0,85.0,2005,2006,0.0,0.0,0.0,1.0
Female,80.0,85.0,2006,2007,0.0,0.0,0.0,1.0
Female,80.0,85.0,2007,2008,0.0,0.0,0.0,1.0
Female,80.0,85.0,2008,2009,0.0,0.0,0.0,1.0
Female,80.0,85.0,2009,2010,0.0,0.0,0.0,1.0
Female,80.0,85.0,2010,2011,0.0,0.0,0.0,1.0
Female,80.0,85.0,2011,2012,0.0,0.0,0.0,1.0
Female,80.0,85.0,2012,2013,0.0,0.0,0.0,1.0
Female,80.0,85.0,2013,2014,0.0,0.0,0.0,1.0
Female,80.0,85.0,2014,2015,0.0,0.0,0.0,1.0
Female,80.0,85.0,2015,2016,0.0,0.0,0.0,1.0
Female,80.0,85.0,2016,2017,0.0,0.0,0.0,1.0
Female,80.0,85.0,2017,2018,0.0,0.0,0.0,1.0
Female,80.0,85.0,2018,2019,0.0,0.0,0.0,1.0
Female,80.0,85.0,2019,2020,0.0,0.0,0.0,1.0
Female,85.0,90.0,1990,1991,0.0,0.0,0.0,1.0
Female,85.0,90.0,1991,1992,0.0,0.0,0.0,1.0
Female,85.0,90.0,1992,1993,0.0,0.0,0.0,1.0
Female,85.0,90.0,1993,1994,0.0,0.0,0.0,1.0
Female,85.0,90.0,1994,1995,0.0,0.0,0.0,1.0
Female,85.0,90.0,1995,1996,0.0,0.0,0.0,1.0
Female,85.0,90.0,1996,1997,0.0,0.0,0.0,1.0
Female,85.0,90.0,1997,1998,0.0,0.0,0.0,1.0
Female,85.0,90.0,1998,1999,0.0,0.0,0.0,1.0
Female,85.0,90.0,1999,2000,0.0,0.0,0.0,1.0
Female,85.0,90.0,2000,2001,0.0,0.0,0.0,1.0
Female,85.0,90.0,2001,2002,0.0,0.0,0.0,1.0
Female,85.0,90.0,2002,2003,0.0,0.0,0.0,1.0
Female,85.0,90.0,2003,2004,0.0,0.0,0.0,1.0
Female,85.0,90.0,2004,2005,0.0,0.0,0.0,1.0
Female,85.0,90.0,2005,2006,0.0,0.0,0.0,1.0
Female,85.0,90.0,2006,2007,0.0,0.0,0.0,1.0
Female,85.0,90.0,2007,2008,0.0,0.0,0.0,1.0
Female,85.0,90.0,2008,2009,0.0,0.0,0.0,1.0
Female,85.0,90.0,2009,2010,0.0,0.0,0.0,1.0
Female,85.0,90.0,2010,2011,0.0,0.0,0.0,1.0
Female,85.0,90.0,2011,2012,0.0,0.0,0.0,1.0
Female,85.0,90.0,2012,2013,0.0,0.0,0.0,1.0
Female,85.0,90.0,2013,2014,0.0,0.0,0.0,1.0
Female,85.0,90.0,2014,2015,0.0,0.0,0.0,1.0
Female,85.0,90.0,2015,2016,0.0,0.0,0.0,1.0
Female,85.0,90.0,2016,2017,0.0,0.0,0.0,1.0
Female,85.0,90.0,2017,2018,0.0,0.0,0.0,1.0
Female,85.0,90.0,2018,2019,0.0,0.0,0.0,1.0
Female,85.0,90.0,2019,2020,0.0,0.0,0.0,1.0
Female,90.0,95.0,1990,1991,0.0,0.0,0.0,1.0
Female,90.0,95.0,1991,1992,0.0,0.0,0.0,1.0
Female,90.0,95.0,1992,1993,0.0,0.0,0.0,1.0
Female,90.0,95.0,1993,1994,0.0,0.0,0.0,1.0
Female,90.0,95.0,1994,1995,0.0,0.0,0.0,1.0
Female,90.0,95.0,1995,1996,0.0,0.0,0.0,1.0
Female,90.0,95.0,1996,1997,0.0,0.0,0.0,1.0
Female,90.0,95.0,1997,1998,0.0,0.0,0.0,1.0
Female,90.0,95.0,1998,1999,0.0,0.0,0.0,1.0
Female,90.0,95.0,1999,2000,0.0,0.0,0.0,1.0
Female,90.0,95.0,2000,2001,0.0,0.0,0.0,1.0
Female,90.0,95.0,2001,2002,0.0,0.0,0.0,1.0
Female,90.0,95.0,2002,2003,0.0,0.0,0.0,1.0
Female,90.0,95.0,2003,2004,0.0,0.0,0.0,1.0
Female,90.0,95.0,2004,2005,0.0,0.0,0.0,1.0
Female,90.0,95.0,2005,2006,0.0,0.0,0.0,1.0
Female,90.0,95.0,2006,2007,0.0,0.0,0.0,1.0
Female,90.0,95.0,2007,2008,0.0,0.0,0.0,1.0
Female,90.0,95.0,2008,2009,0.0,0.0,0.0,1.0
Female,90.0,95.0,2009,2010,0.0,0.0,0.0,1.0
Female,90.0,95.0,2010,2011,0.0,0.0,0.0,1.0
Female,90.0,95.0,2011,2012,0.0,0.0,0.0,1.0
Female,90.0,95.0,2012,2013,0.0,0.0,0.0,1.0
Female,90.0,95.0,2013,2014,0.0,0.0,0.0,1.0
Female,90.0,95.0,2014,2015,0.0,0.0,0.0,1.0
Female,90.0,95.0,2015,2016,0.0,0.0,0.0,1.0
Female,90.0,95.0,2016,2017,0.0,0.0,0.0,1.0
Female,90.0,95.0,2017,2018,0.0,0.0,0.0,1.0
Female,90.0,95.0,2018,2019,0.0,0.0,0.0,1.0
Female,90.0,95.0,2019,2020,0.0,0.0,0.0,1.0
Female,95.0,125.0,1990,1991,0.0,0.0,0.0,1.0
Female,95.0,125.0,1991,1992,0.0,0.0,0.0,1.0
Female,95.0,125.0,1992,1993,0.0,0.0,0.0,1.0
Female,95.0,125.0,1993,1994,0.0,0.0,0.0,1.0
Female,95.0,125.0,1994,1995,0.0,0.0,0.0,1.0
Female,95.0,125.0,1995,1996,0.0,0.0,0.0,1.0
Female,95.0,125.0,1996,1997,0.0,0.0,0.0,1.0
Female,95.0,125.0,1997,1998,0.0,0.0,0.0,1.0
Female,95.0,125.0,1998,1999,0.0,0.0,0.0,1.0
Female,95.0,125.0,1999,2000,0.0,0.0,0.0,1.0
Female,95.0,125.0,2000,2001,0.0,0.0,0.0,1.0
Female,95.0,125.0,2001,2002,0.0,0.0,0.0,1.0
Female,95.0,125.0,2002,2003,0.0,0.0,0.0,1.0
Female,95.0,125.0,2003,2004,0.0,0.0,0.0,1.0
Female,95.0,125.0,2004,2005,0.0,0.0,0.0,1.0
Female,95.0,125.0,2005,2006,0.0,0.0,0.0,1.0
Female,95.0,125.0,2006,2007,0.0,0.0,0.0,1.0
Female,95.0,125.0,2007,2008,0.0,0.0,0.0,1.0
Female,95.0,125.0,2008,2009,0.0,0.0,0.0,1.0
Female,95.0,125.0,2009,2010,0.0,0.0,0.0,1.0
Female,95.0,125.0,2010,2011,0.0,0.0,0.0,1.0
Female,95.0,125.0,2011,2012,0.0,0.0,0.0,1.0
Female,95.0,125.0,2012,2013,0.0,0.0,0.0,1.0
Female,95.0,125.0,2013,2014,0.0,0.0,0.0,1.0
Female,95.0,125.0,2014,2015,0.0,0.0,0.0,1.0
Female,95.0,125.0,2015,2016,0.0,0.0,0.0,1.0
Female,95.0,125.0,2016,2017,0.0,0.0,0.0,1.0
Female,95.0,125.0,2017,2018,0.0,0.0,0.0,1.0
Female,95.0,125.0,2018,2019,0.0,0.0,0.0,1.0
Female,95.0,125.0,2019,2020,0.0,0.0,0.0,1.0
Male,0.0,0.01917808,1990,1991,0.05299334222210561,0.11320011937971017,0.20894944079274985,0.6248570976054344
Male,0.0,0.01917808,1991,1992,0.05310380608371555,0.11342102180886694,0.20914761651663738,0.6243275555907801
Male,0.0,0.01917808,1992,1993,0.05317637732813859,0.11361872943159464,0.2093481143419278,0.623856778898339
Male,0.0,0.01917808,1993,1994,0.05321770495533065,0.11377602994814721,0.20954222213015128,0.6234640429663709
Male,0.0,0.01917808,1994,1995,0.05323486604523637,0.11387490074913606,0.20972110600377467,0.6231691272018529
Male,0.0,0.01917808,1995,1996,0.053235374951697445,0.11389653992991117,0.2098758191234958,0.6229922659948957
Male,0.0,0.01917808,1996,1997,0.053185062915142634,0.11378489332814225,0.20973932684280902,0.6232907169139059
Male,0.0,0.01917808,1997,1998,0.05305811563593215,0.11367043332929393,0.2096117444647805,0.6236597065699935
Male,0.0,0.01917808,1998,1999,0.05287832208465963,0.11354258692347194,0.20949707811959184,0.6240820128722765
Male,0.0,0.01917808,1999,2000,0.05266760934883141,0.11339338772629111,0.20940011142383294,0.6245388915010446
Male,0.0,0.01917808,2000,2001,0.05244606373836393,0.11321747972295569,0.2093263990957411,0.6250100574429392
Male,0.0,0.01917808,2001,2002,0.05156765088502021,0.1128009463013429,0.20988733008515228,0.6257440727284846
Male,0.0,0.01917808,2002,2003,0.050604503643193646,0.11232846738149661,0.21050057992824178,0.6265664490470679
Male,0.0,0.01917808,2003,2004,0.04959573223506704,0.11182919685155591,0.21114709375705662,0.6274279771563204
Male,0.0,0.01917808,2004,2005,0.048571351184332354,0.11132273554908755,0.21181047180460502,0.628295441461975
Male,0.0,0.01917808,2005,2006,0.04755224743812385,0.11081911529182303,0.21247698978520013,0.629151647484853
Male,0.0,0.01917808,2006,2007,0.04676974969906209,0.11046451554033745,0.213287594889976,0.6294781398706244
Male,0.0,0.01917808,2007,2008,0.04592715434024895,0.11007553789059864,0.21414392926645195,0.6298533785027004
Male,0.0,0.01917808,2008,2009,0.0450695071244751,0.10967025890413648,0.21500246959618913,0.6302577643751994
Male,0.0,0.01917808,2009,2010,0.0442366875824277,0.10926263619666671,0.21582210622878725,0.6306785699921182
Male,0.0,0.01917808,2010,2011,0.043463361277372076,0.10886248448408656,0.21656418953450424,0.6311099647040371
Male,0.0,0.01917808,2011,2012,0.04284156927358419,0.10847111707742527,0.21709695863202216,0.6315903550169684
Male,0.0,0.01917808,2012,2013,0.042272702919522245,0.10808314963722825,0.21756507702447794,0.6320790704187715
Male,0.0,0.01917808,2013,2014,0.04174734142249583,0.1077046450996366,0.21798932421111106,0.6325586892667565
Male,0.0,0.01917808,2014,2015,0.04124236994665747,0.10733316140394782,0.21840108950518677,0.6330233791442079
Male,0.0,0.01917808,2015,2016,0.040720900291559906,0.10695768970666092,0.2188424326412583,0.633478977360521
Male,0.0,0.01917808,2016,2017,0.04036331386427347,0.10665855782774784,0.21912553356310122,0.6338525947448774
Male,0.0,0.01917808,2017,2018,0.03999871416182714,0.10635275458311166,0.21939045343046565,0.6342580778245955
Male,0.0,0.01917808,2018,2019,0.04007053021229246,0.10642042421212064,0.2191643051226281,0.6343447404529589
Male,0.0,0.01917808,2019,2020,0.04015934027627473,0.10640978525129843,0.218904077793458,0.6345267966789688
Male,0.01917808,0.07671233,1990,1991,0.04954076791005818,0.11079135375153472,0.2090362259008884,0.6306316524375186
Male,0.01917808,0.07671233,1991,1992,0.04946282109720439,0.11095598387199346,0.20933886065346125,0.6302423343773409
Male,0.01917808,0.07671233,1992,1993,0.049383736952862176,0.11108453028056127,0.2096373972022089,0.6298943355643676
Male,0.01917808,0.07671233,1993,1994,0.04929460037897377,0.11116935954794435,0.2099262736327969,0.629609766440285
Male,0.01917808,0.07671233,1994,1995,0.049191552649848466,0.11120221369810306,0.2101994858709479,0.6294067477811006
Male,0.01917808,0.07671233,1995,1996,0.049075798234241456,0.11117422922100029,0.21045059243967115,0.6292993801050871
Male,0.01917808,0.07671233,1996,1997,0.04912477762621108,0.11124781614181486,0.21076244109048647,0.6288649651414877
Male,0.01917808,0.07671233,1997,1998,0.04908889178095881,0.11130123563540892,0.21108931322079338,0.6285205593628389
Male,0.01917808,0.07671233,1998,1999,0.0490017204046907,0.11133795905850187,0.21143283465753962,0.6282274858792678
Male,0.01917808,0.07671233,1999,2000,0.0488913282922824,0.11136144619522163,0.21179544416610543,0.6279517813463906
Male,0.01917808,0.07671233,2000,2001,0.04878028894957498,0.11137515398331407,0.21218039566515426,0.6276641614019567
Male,0.01917808,0.07671233,2001,2002,0.04852256462534472,0.11115096162308956,0.2122207592983986,0.6281057144531671
Male,0.01917808,0.07671233,2002,2003,0.04816455453071493,0.11087364358968604,0.21230941348637947,0.6286523883932196
Male,0.01917808,0.07671233,2003,2004,0.047742164749841824,0.11056041654982939,0.21243479428832607,0.6292626244120028
Male,0.01917808,0.07671233,2004,2005,0.0472891685346154,0.11022778406791568,0.2125846295498697,0.6298984178475993
Male,0.01917808,0.07671233,2005,2006,0.04683717742296767,0.10989151533945898,0.21274594659653734,0.630525360641036
Male,0.01917808,0.07671233,2006,2007,0.04581752867117527,0.10929244944231632,0.21318482718639373,0.6317051947001147
Male,0.01917808,0.07671233,2007,2008,0.04477691048262839,0.1086576479545083,0.21366729853870145,0.6328981430241619
Male,0.01917808,0.07671233,2008,2009,0.0437595092257798,0.107997420633606,0.21413824038871912,0.6341048297518951
Male,0.01917808,0.07671233,2009,2010,0.04278877267076835,0.10732568547495788,0.2145505287116449,0.6353350131426289
Male,0.01917808,0.07671233,2010,2011,0.04186727246380026,0.10665986569787708,0.21486509960963757,0.6366077622286851
Male,0.01917808,0.07671233,2011,2012,0.04187236925972732,0.10664969535007472,0.21463614159592126,0.6368417937942766
Male,0.01917808,0.07671233,2012,2013,0.04189902934221924,0.10664155197596965,0.21436576121298873,0.6370936574688224
Male,0.01917808,0.07671233,2013,2014,0.04196893033185352,0.10663113727106709,0.21406805644645985,0.6373318759506196
Male,0.01917808,0.07671233,2014,2015,0.042078335152914835,0.10661717611361589,0.21375830537706716,0.6375461833564021
Male,0.01917808,0.07671233,2015,2016,0.04219808714308054,0.10660141710471974,0.21345293909292945,0.6377475566592703
Male,0.01917808,0.07671233,2016,2017,0.042707676250918446,0.10691041292701761,0.21319050284061652,0.6371914079814474
Male,0.01917808,0.07671233,2017,2018,0.04319365848210513,0.1072275971521545,0.21294621245753725,0.6366325319082031
Male,0.01917808,0.07671233,2018,2019,0.04216646321746352,0.10649309857289581,0.2136162144869344,0.6377242237227062
Male,0.01917808,0.07671233,2019,2020,0.04116310650741461,0.1057235916181004,0.2142519070976058,0.6388613947768792
Male,0.07671233,1.0,1990,1991,0.04566059892419996,0.10990822635977174,0.21560611724051576,0.6288250574755125
Male,0.07671233,1.0,1991,1992,0.04552425461308761,0.11022458366641844,0.21659695386625305,0.6276542078542409
Male,0.07671233,1.0,1992,1993,0.04538321293466184,0.1105014919708984,0.21759293186617135,0.6265223632282685
Male,0.07671233,1.0,1993,1994,0.045235691828774446,0.11073509798527652,0.21858467535431014,0.6254445348316389
Male,0.07671233,1.0,1994,1995,0.045080083830856765,0.11092241225425313,0.21956271512790013,0.62443478878699
Male,0.07671233,1.0,1995,1996,0.04491495781019752,0.11106132466003266,0.22051750671448733,0.6235062108152825
Male,0.07671233,1.0,1996,1997,0.04522395718213505,0.11132134593694343,0.22073467845725045,0.622720018423671
Male,0.07671233,1.0,1997,1998,0.04543602251259758,0.11154455804043206,0.2209637263077355,0.6220556931392348
Male,0.07671233,1.0,1998,1999,0.04557489626460962,0.11174115433074527,0.22120844467114242,0.6214755047335027
Male,0.07671233,1.0,1999,2000,0.04566726584062827,0.11192005840682862,0.2214713255725372,0.6209413501800061
Male,0.07671233,1.0,2000,2001,0.04574280940126141,0.1120889406477942,0.22175355141125264,0.6204146985396918
Male,0.07671233,1.0,2001,2002,0.04572972852484837,0.11197616968003336,0.22154865265920326,0.620745449135915
Male,0.07671233,1.0,2002,2003,0.04566182928555701,0.11180700368742061,0.22135775931959198,0.6211734077074305
Male,0.07671233,1.0,2003,2004,0.04554629468365069,0.11160179681839967,0.22119211119143442,0.6216597973065152
Male,0.07671233,1.0,2004,2005,0.04539290166022594,0.11138448130371531,0.22105753559925048,0.6221650814368083
Male,0.07671233,1.0,2005,2006,0.04521398877927428,0.11118252503031534,0.2209544318353085,0.6226490543551019
Male,0.07671233,1.0,2006,2007,0.04433189724704057,0.11058055519263488,0.22156697839774708,0.6235205691625775
Male,0.07671233,1.0,2007,2008,0.043393910220101375,0.10995240765520684,0.22222452580496216,0.6244291563197296
Male,0.07671233,1.0,2008,2009,0.04243686459885013,0.1092937783790284,0.2228745525160244,0.6253948045060971
Male,0.07671233,1.0,2009,2010,0.041497990311379074,0.10861395661259148,0.2234747305502623,0.6264133225257672
Male,0.07671233,1.0,2010,2011,0.04061499010927311,0.10793587825746151,0.22399287002998186,0.6274562616032835
Male,0.07671233,1.0,2011,2012,0.04006188224097886,0.10753606648618136,0.22439770462467704,0.6280043466481627
Male,0.07671233,1.0,2012,2013,0.03954127612758856,0.10714099501799863,0.22477328339779165,0.6285444454566211
Male,0.07671233,1.0,2013,2014,0.03903457802650278,0.10673818282417237,0.225136850880367,0.6290903882689579
Male,0.07671233,1.0,2014,2015,0.03852605415717914,0.10632171401429033,0.22550097549027964,0.6296512563382508
Male,0.07671233,1.0,2015,2016,0.03800280484064453,0.1058922129274182,0.22587356759029248,0.6302314146416448
Male,0.07671233,1.0,2016,2017,0.0372017945895177,0.10517732237145451,0.22619701988403682,0.631423863154991
Male,0.07671233,1.0,2017,2018,0.036400365534158555,0.10439097958241293,0.22655927447865046,0.632649380404778
Male,0.07671233,1.0,2018,2019,0.0357601917634585,0.10377983059454461,0.22683711647135776,0.633622861170639
Male,0.07671233,1.0,2019,2020,0.03514390803482979,0.10319118103317833,0.22707950629102025,0.6345854046409716
Male,1.0,5.0,1990,1991,0.017756563403224117,0.08170696047637885,0.22294954202503708,0.67758693409536
Male,1.0,5.0,1991,1992,0.017820897257038892,0.0818365345729052,0.22284791244801633,0.6774946557220396
Male,1.0,5.0,1992,1993,0.017850406406113857,0.08189847388510184,0.2227623996702196,0.6774887200385646
Male,1.0,5.0,1993,1994,0.017852916754647664,0.08190740083718102,0.22268908111786911,0.6775506012903022
Male,1.0,5.0,1994,1995,0.017836464679118907,0.08187906667643974,0.22262391712548388,0.6776605515189573
Male,1.0,5.0,1995,1996,0.01780930728651637,0.08183037161410087,0.22256274585546054,0.6777975752439223
Male,1.0,5.0,1996,1997,0.017741189954588468,0.0816146379503152,0.22224845136141463,0.6783957207336817
Male,1.0,5.0,1997,1998,0.017624527010089274,0.0813133617840245,0.22192329318378182,0.6791388180221044
Male,1.0,5.0,1998,1999,0.01747974569117814,0.08095728206581039,0.22157685502016217,0.6799861172228493
Male,1.0,5.0,1999,2000,0.01732561131581981,0.08057806274260157,0.22120586403094095,0.6808904619106377
Male,1.0,5.0,2000,2001,0.0171792247701685,0.0802082876302667,0.22081418821166465,0.6817982993879002
Male,1.0,5.0,2001,2002,0.016977321353884314,0.07986471427539342,0.22061129750890413,0.6825466668618181
Male,1.0,5.0,2002,2003,0.01676692008311048,0.07950000902702137,0.2203556666917331,0.6833774041981351
Male,1.0,5.0,2003,2004,0.016549510708264048,0.07911768100468883,0.22008802179933182,0.6842447864877154
Male,1.0,5.0,2004,2005,0.016325262242810654,0.07872275591226348,0.2198497312676088,0.6851022505773171
Male,1.0,5.0,2005,2006,0.01609302330317857,0.0783217766349664,0.21968279366323842,0.6859024063986165
Male,1.0,5.0,2006,2007,0.016012122478228575,0.0782180498193061,0.21970953763132886,0.6860602900711364
Male,1.0,5.0,2007,2008,0.015904235093220524,0.07808996516569444,0.21974354459088888,0.6862622551501962
Male,1.0,5.0,2008,2009,0.015777789752138394,0.0779428354261822,0.21979033630248704,0.6864890385191923
Male,1.0,5.0,2009,2010,0.015645137400850963,0.07779101555280539,0.21985182319721291,0.6867120238491308
Male,1.0,5.0,2010,2011,0.015522569246833168,0.07765792344253729,0.21992630001625182,0.6868932072943778
Male,1.0,5.0,2011,2012,0.015300190912948618,0.07731862772674002,0.21988318508897392,0.6874979962713375
Male,1.0,5.0,2012,2013,0.015083638025386729,0.07699549539109414,0.21988952623434382,0.6880313403491752
Male,1.0,5.0,2013,2014,0.01486977890530929,0.07668052498221307,0.21992483662063742,0.6885248594918403
Male,1.0,5.0,2014,2015,0.01465695625257979,0.07636296528702226,0.21996979477362275,0.6890102836867753
Male,1.0,5.0,2015,2016,0.01444500889128412,0.07602934693305687,0.22000624233783017,0.6895194018378288
Male,1.0,5.0,2016,2017,0.014159012112553528,0.07558870853343569,0.2200943831064194,0.6901578962475914
Male,1.0,5.0,2017,2018,0.01384513681131639,0.07517028257208086,0.22018626983260398,0.6907983107839988
Male,1.0,5.0,2018,2019,0.01374328375255521,0.07496439154056665,0.22011745850256179,0.6911748662043163
Male,1.0,5.0,2019,2020,0.01366885599836849,0.0747429301575854,0.21999973659549502,0.6915884772485511
Male,5.0,10.0,1990,1991,0.0,0.0,0.0,1.0
Male,5.0,10.0,1991,1992,0.0,0.0,0.0,1.0
Male,5.0,10.0,1992,1993,0.0,0.0,0.0,1.0
Male,5.0,10.0,1993,1994,0.0,0.0,0.0,1.0
Male,5.0,10.0,1994,1995,0.0,0.0,0.0,1.0
Male,5.0,10.0,1995,1996,0.0,0.0,0.0,1.0
Male,5.0,10.0,1996,1997,0.0,0.0,0.0,1.0
Male,5.0,10.0,1997,1998,0.0,0.0,0.0,1.0
Male,5.0,10.0,1998,1999,0.0,0.0,0.0,1.0
Male,5.0,10.0,1999,2000,0.0,0.0,0.0,1.0
Male,5.0,10.0,2000,2001,0.0,0.0,0.0,1.0
Male,5.0,10.0,2001,2002,0.0,0.0,0.0,1.0
Male,5.0,10.0,2002,2003,0.0,0.0,0.0,1.0
Male,5.0,10.0,2003,2004,0.0,0.0,0.0,1.0
Male,5.0,10.0,2004,2005,0.0,0.0,0.0,1.0
Male,5.0,10.0,2005,2006,0.0,0.0,0.0,1.0
Male,5.0,10.0,2006,2007,0.0,0.0,0.0,1.0
Male,5.0,10.0,2007,2008,0.0,0.0,0.0,1.0
Male,5.0,10.0,2008,2009,0.0,0.0,0.0,1.0
Male,5.0,10.0,2009,2010,0.0,0.0,0.0,1.0
Male,5.0,10.0,2010,2011,0.0,0.0,0.0,1.0
Male,5.0,10.0,2011,2012,0.0,0.0,0.0,1.0
Male,5.0,10.0,2012,2013,0.0,0.0,0.0,1.0
Male,5.0,10.0,2013,2014,0.0,0.0,0.0,1.0
Male,5.0,10.0,2014,2015,0.0,0.0,0.0,1.0
Male,5.0,10.0,2015,2016,0.0,0.0,0.0,1.0
Male,5.0,10.0,2016,2017,0.0,0.0,0.0,1.0
Male,5.0,10.0,2017,2018,0.0,0.0,0.0,1.0
Male,5.0,10.0,2018,2019,0.0,0.0,0.0,1.0
Male,5.0,10.0,2019,2020,0.0,0.0,0.0,1.0
Male,10.0,15.0,1990,1991,0.0,0.0,0.0,1.0
Male,10.0,15.0,1991,1992,0.0,0.0,0.0,1.0
Male,10.0,15.0,1992,1993,0.0,0.0,0.0,1.0
Male,10.0,15.0,1993,1994,0.0,0.0,0.0,1.0
Male,10.0,15.0,1994,1995,0.0,0.0,0.0,1.0
Male,10.0,15.0,1995,1996,0.0,0.0,0.0,1.0
Male,10.0,15.0,1996,1997,0.0,0.0,0.0,1.0
Male,10.0,15.0,1997,1998,0.0,0.0,0.0,1.0
Male,10.0,15.0,1998,1999,0.0,0.0,0.0,1.0
Male,10.0,15.0,1999,2000,0.0,0.0,0.0,1.0
Male,10.0,15.0,2000,2001,0.0,0.0,0.0,1.0
Male,10.0,15.0,2001,2002,0.0,0.0,0.0,1.0
Male,10.0,15.0,2002,2003,0.0,0.0,0.0,1.0
Male,10.0,15.0,2003,2004,0.0,0.0,0.0,1.0
Male,10.0,15.0,2004,2005,0.0,0.0,0.0,1.0
Male,10.0,15.0,2005,2006,0.0,0.0,0.0,1.0
Male,10.0,15.0,2006,2007,0.0,0.0,0.0,1.0
Male,10.0,15.0,2007,2008,0.0,0.0,0.0,1.0
Male,10.0,15.0,2008,2009,0.0,0.0,0.0,1.0
Male,10.0,15.0,2009,2010,0.0,0.0,0.0,1.0
Male,10.0,15.0,2010,2011,0.0,0.0,0.0,1.0
Male,10.0,15.0,2011,2012,0.0,0.0,0.0,1.0
Male,10.0,15.0,2012,2013,0.0,0.0,0.0,1.0
Male,10.0,15.0,2013,2014,0.0,0.0,0.0,1.0
Male,10.0,15.0,2014,2015,0.0,0.0,0.0,1.0
Male,10.0,15.0,2015,2016,0.0,0.0,0.0,1.0
Male,10.0,15.0,2016,2017,0.0,0.0,0.0,1.0
Male,10.0,15.0,2017,2018,0.0,0.0,0.0,1.0
Male,10.0,15.0,2018,2019,0.0,0.0,0.0,1.0
Male,10.0,15.0,2019,2020,0.0,0.0,0.0,1.0
Male,15.0,20.0,1990,1991,0.0,0.0,0.0,1.0
Male,15.0,20.0,1991,1992,0.0,0.0,0.0,1.0
Male,15.0,20.0,1992,1993,0.0,0.0,0.0,1.0
Male,15.0,20.0,1993,1994,0.0,0.0,0.0,1.0
Male,15.0,20.0,1994,1995,0.0,0.0,0.0,1.0
Male,15.0,20.0,1995,1996,0.0,0.0,0.0,1.0
Male,15.0,20.0,1996,1997,0.0,0.0,0.0,1.0
Male,15.0,20.0,1997,1998,0.0,0.0,0.0,1.0
Male,15.0,20.0,1998,1999,0.0,0.0,0.0,1.0
Male,15.0,20.0,1999,2000,0.0,0.0,0.0,1.0
Male,15.0,20.0,2000,2001,0.0,0.0,0.0,1.0
Male,15.0,20.0,2001,2002,0.0,0.0,0.0,1.0
Male,15.0,20.0,2002,2003,0.0,0.0,0.0,1.0
Male,15.0,20.0,2003,2004,0.0,0.0,0.0,1.0
Male,15.0,20.0,2004,2005,0.0,0.0,0.0,1.0
Male,15.0,20.0,2005,2006,0.0,0.0,0.0,1.0
Male,15.0,20.0,2006,2007,0.0,0.0,0.0,1.0
Male,15.0,20.0,2007,2008,0.0,0.0,0.0,1.0
Male,15.0,20.0,2008,2009,0.0,0.0,0.0,1.0
Male,15.0,20.0,2009,2010,0.0,0.0,0.0,1.0
Male,15.0,20.0,2010,2011,0.0,0.0,0.0,1.0
Male,15.0,20.0,2011,2012,0.0,0.0,0.0,1.0
Male,15.0,20.0,2012,2013,0.0,0.0,0.0,1.0
Male,15.0,20.0,2013,2014,0.0,0.0,0.0,1.0
Male,15.0,20.0,2014,2015,0.0,0.0,0.0,1.0
Male,15.0,20.0,2015,2016,0.0,0.0,0.0,1.0
Male,15.0,20.0,2016,2017,0.0,0.0,0.0,1.0
Male,15.0,20.0,2017,2018,0.0,0.0,0.0,1.0
Male,15.0,20.0,2018,2019,0.0,0.0,0.0,1.0
Male,15.0,20.0,2019,2020,0.0,0.0,0.0,1.0
Male,20.0,25.0,1990,1991,0.0,0.0,0.0,1.0
Male,20.0,25.0,1991,1992,0.0,0.0,0.0,1.0
Male,20.0,25.0,1992,1993,0.0,0.0,0.0,1.0
Male,20.0,25.0,1993,1994,0.0,0.0,0.0,1.0
Male,20.0,25.0,1994,1995,0.0,0.0,0.0,1.0
Male,20.0,25.0,1995,1996,0.0,0.0,0.0,1.0
Male,20.0,25.0,1996,1997,0.0,0.0,0.0,1.0
Male,20.0,25.0,1997,1998,0.0,0.0,0.0,1.0
Male,20.0,25.0,1998,1999,0.0,0.0,0.0,1.0
Male,20.0,25.0,1999,2000,0.0,0.0,0.0,1.0
Male,20.0,25.0,2000,2001,0.0,0.0,0.0,1.0
Male,20.0,25.0,2001,2002,0.0,0.0,0.0,1.0
Male,20.0,25.0,2002,2003,0.0,0.0,0.0,1.0
Male,20.0,25.0,2003,2004,0.0,0.0,0.0,1.0
Male,20.0,25.0,2004,2005,0.0,0.0,0.0,1.0
Male,20.0,25.0,2005,2006,0.0,0.0,0.0,1.0
Male,20.0,25.0,2006,2007,0.0,0.0,0.0,1.0
Male,20.0,25.0,2007,2008,0.0,0.0,0.0,1.0
Male,20.0,25.0,2008,2009,0.0,0.0,0.0,1.0
Male,20.0,25.0,2009,2010,0.0,0.0,0.0,1.0
Male,20.0,25.0,2010,2011,0.0,0.0,0.0,1.0
Male,20.0,25.0,2011,2012,0.0,0.0,0.0,1.0
Male,20.0,25.0,2012,2013,0.0,0.0,0.0,1.0
Male,20.0,25.0,2013,2014,0.0,0.0,0.0,1.0
Male,20.0,25.0,2014,2015,0.0,0.0,0.0,1.0
Male,20.0,25.0,2015,2016,0.0,0.0,0.0,1.0
Male,20.0,25.0,2016,2017,0.0,0.0,0.0,1.0
Male,20.0,25.0,2017,2018,0.0,0.0,0.0,1.0
Male,20.0,25.0,2018,2019,0.0,0.0,0.0,1.0
Male,20.0,25.0,2019,2020,0.0,0.0,0.0,1.0
Male,25.0,30.0,1990,1991,0.0,0.0,0.0,1.0
Male,25.0,30.0,1991,1992,0.0,0.0,0.0,1.0
Male,25.0,30.0,1992,1993,0.0,0.0,0.0,1.0
Male,25.0,30.0,1993,1994,0.0,0.0,0.0,1.0
Male,25.0,30.0,1994,1995,0.0,0.0,0.0,1.0
Male,25.0,30.0,1995,1996,0.0,0.0,0.0,1.0
Male,25.0,30.0,1996,1997,0.0,0.0,0.0,1.0
Male,25.0,30.0,1997,1998,0.0,0.0,0.0,1.0
Male,25.0,30.0,1998,1999,0.0,0.0,0.0,1.0
Male,25.0,30.0,1999,2000,0.0,0.0,0.0,1.0
Male,25.0,30.0,2000,2001,0.0,0.0,0.0,1.0
Male,25.0,30.0,2001,2002,0.0,0.0,0.0,1.0
Male,25.0,30.0,2002,2003,0.0,0.0,0.0,1.0
Male,25.0,30.0,2003,2004,0.0,0.0,0.0,1.0
Male,25.0,30.0,2004,2005,0.0,0.0,0.0,1.0
Male,25.0,30.0,2005,2006,0.0,0.0,0.0,1.0
Male,25.0,30.0,2006,2007,0.0,0.0,0.0,1.0
Male,25.0,30.0,2007,2008,0.0,0.0,0.0,1.0
Male,25.0,30.0,2008,2009,0.0,0.0,0.0,1.0
Male,25.0,30.0,2009,2010,0.0,0.0,0.0,1.0
Male,25.0,30.0,2010,2011,0.0,0.0,0.0,1.0
Male,25.0,30.0,2011,2012,0.0,0.0,0.0,1.0
Male,25.0,30.0,2012,2013,0.0,0.0,0.0,1.0
Male,25.0,30.0,2013,2014,0.0,0.0,0.0,1.0
Male,25.0,30.0,2014,2015,0.0,0.0,0.0,1.0
Male,25.0,30.0,2015,2016,0.0,0.0,0.0,1.0
Male,25.0,30.0,2016,2017,0.0,0.0,0.0,1.0
Male,25.0,30.0,2017,2018,0.0,0.0,0.0,1.0
Male,25.0,30.0,2018,2019,0.0,0.0,0.0,1.0
Male,25.0,30.0,2019,2020,0.0,0.0,0.0,1.0
Male,30.0,35.0,1990,1991,0.0,0.0,0.0,1.0
Male,30.0,35.0,1991,1992,0.0,0.0,0.0,1.0
Male,30.0,35.0,1992,1993,0.0,0.0,0.0,1.0
Male,30.0,35.0,1993,1994,0.0,0.0,0.0,1.0
Male,30.0,35.0,1994,1995,0.0,0.0,0.0,1.0
Male,30.0,35.0,1995,1996,0.0,0.0,0.0,1.0
Male,30.0,35.0,1996,1997,0.0,0.0,0.0,1.0
Male,30.0,35.0,1997,1998,0.0,0.0,0.0,1.0
Male,30.0,35.0,1998,1999,0.0,0.0,0.0,1.0
Male,30.0,35.0,1999,2000,0.0,0.0,0.0,1.0
Male,30.0,35.0,2000,2001,0.0,0.0,0.0,1.0
Male,30.0,35.0,2001,2002,0.0,0.0,0.0,1.0
Male,30.0,35.0,2002,2003,0.0,0.0,0.0,1.0
Male,30.0,35.0,2003,2004,0.0,0.0,0.0,1.0
Male,30.0,35.0,2004,2005,0.0,0.0,0.0,1.0
Male,30.0,35.0,2005,2006,0.0,0.0,0.0,1.0
Male,30.0,35.0,2006,2007,0.0,0.0,0.0,1.0
Male,30.0,35.0,2007,2008,0.0,0.0,0.0,1.0
Male,30.0,35.0,2008,2009,0.0,0.0,0.0,1.0
Male,30.0,35.0,2009,2010,0.0,0.0,0.0,1.0
Male,30.0,35.0,2010,2011,0.0,0.0,0.0,1.0
Male,30.0,35.0,2011,2012,0.0,0.0,0.0,1.0
Male,30.0,35.0,2012,2013,0.0,0.0,0.0,1.0
Male,30.0,35.0,2013,2014,0.0,0.0,0.0,1.0
Male,30.0,35.0,2014,2015,0.0,0.0,0.0,1.0
Male,30.0,35.0,2015,2016,0.0,0.0,0.0,1.0
Male,30.0,35.0,2016,2017,0.0,0.0,0.0,1.0
Male,30.0,35.0,2017,2018,0.0,0.0,0.0,1.0
Male,30.0,35.0,2018,2019,0.0,0.0,0.0,1.0
Male,30.0,35.0,2019,2020,0.0,0.0,0.0,1.0
Male,35.0,40.0,1990,1991,0.0,0.0,0.0,1.0
Male,35.0,40.0,1991,1992,0.0,0.0,0.0,1.0
Male,35.0,40.0,1992,1993,0.0,0.0,0.0,1.0
Male,35.0,40.0,1993,1994,0.0,0.0,0.0,1.0
Male,35.0,40.0,1994,1995,0.0,0.0,0.0,1.0
Male,35.0,40.0,1995,1996,0.0,0.0,0.0,1.0
Male,35.0,40.0,1996,1997,0.0,0.0,0.0,1.0
Male,35.0,40.0,1997,1998,0.0,0.0,0.0,1.0
Male,35.0,40.0,1998,1999,0.0,0.0,0.0,1.0
Male,35.0,40.0,1999,2000,0.0,0.0,0.0,1.0
Male,35.0,40.0,2000,2001,0.0,0.0,0.0,1.0
Male,35.0,40.0,2001,2002,0.0,0.0,0.0,1.0
Male,35.0,40.0,2002,2003,0.0,0.0,0.0,1.0
Male,35.0,40.0,2003,2004,0.0,0.0,0.0,1.0
Male,35.0,40.0,2004,2005,0.0,0.0,0.0,1.0
Male,35.0,40.0,2005,2006,0.0,0.0,0.0,1.0
Male,35.0,40.0,2006,2007,0.0,0.0,0.0,1.0
Male,35.0,40.0,2007,2008,0.0,0.0,0.0,1.0
Male,35.0,40.0,2008,2009,0.0,0.0,0.0,1.0
Male,35.0,40.0,2009,2010,0.0,0.0,0.0,1.0
Male,35.0,40.0,2010,2011,0.0,0.0,0.0,1.0
Male,35.0,40.0,2011,2012,0.0,0.0,0.0,1.0
Male,35.0,40.0,2012,2013,0.0,0.0,0.0,1.0
Male,35.0,40.0,2013,2014,0.0,0.0,0.0,1.0
Male,35.0,40.0,2014,2015,0.0,0.0,0.0,1.0
Male,35.0,40.0,2015,2016,0.0,0.0,0.0,1.0
Male,35.0,40.0,2016,2017,0.0,0.0,0.0,1.0
Male,35.0,40.0,2017,2018,0.0,0.0,0.0,1.0
Male,35.0,40.0,2018,2019,0.0,0.0,0.0,1.0
Male,35.0,40.0,2019,2020,0.0,0.0,0.0,1.0
Male,40.0,45.0,1990,1991,0.0,0.0,0.0,1.0
Male,40.0,45.0,1991,1992,0.0,0.0,0.0,1.0
Male,40.0,45.0,1992,1993,0.0,0.0,0.0,1.0
Male,40.0,45.0,1993,1994,0.0,0.0,0.0,1.0
Male,40.0,45.0,1994,1995,0.0,0.0,0.0,1.0
Male,40.0,45.0,1995,1996,0.0,0.0,0.0,1.0
Male,40.0,45.0,1996,1997,0.0,0.0,0.0,1.0
Male,40.0,45.0,1997,1998,0.0,0.0,0.0,1.0
Male,40.0,45.0,1998,1999,0.0,0.0,0.0,1.0
Male,40.0,45.0,1999,2000,0.0,0.0,0.0,1.0
Male,40.0,45.0,2000,2001,0.0,0.0,0.0,1.0
Male,40.0,45.0,2001,2002,0.0,0.0,0.0,1.0
Male,40.0,45.0,2002,2003,0.0,0.0,0.0,1.0
Male,40.0,45.0,2003,2004,0.0,0.0,0.0,1.0
Male,40.0,45.0,2004,2005,0.0,0.0,0.0,1.0
Male,40.0,45.0,2005,2006,0.0,0.0,0.0,1.0
Male,40.0,45.0,2006,2007,0.0,0.0,0.0,1.0
Male,40.0,45.0,2007,2008,0.0,0.0,0.0,1.0
Male,40.0,45.0,2008,2009,0.0,0.0,0.0,1.0
Male,40.0,45.0,2009,2010,0.0,0.0,0.0,1.0
Male,40.0,45.0,2010,2011,0.0,0.0,0.0,1.0
Male,40.0,45.0,2011,2012,0.0,0.0,0.0,1.0
Male,40.0,45.0,2012,2013,0.0,0.0,0.0,1.0
Male,40.0,45.0,2013,2014,0.0,0.0,0.0,1.0
Male,40.0,45.0,2014,2015,0.0,0.0,0.0,1.0
Male,40.0,45.0,2015,2016,0.0,0.0,0.0,1.0
Male,40.0,45.0,2016,2017,0.0,0.0,0.0,1.0
Male,40.0,45.0,2017,2018,0.0,0.0,0.0,1.0
Male,40.0,45.0,2018,2019,0.0,0.0,0.0,1.0
Male,40.0,45.0,2019,2020,0.0,0.0,0.0,1.0
Male,45.0,50.0,1990,1991,0.0,0.0,0.0,1.0
Male,45.0,50.0,1991,1992,0.0,0.0,0.0,1.0
Male,45.0,50.0,1992,1993,0.0,0.0,0.0,1.0
Male,45.0,50.0,1993,1994,0.0,0.0,0.0,1.0
Male,45.0,50.0,1994,1995,0.0,0.0,0.0,1.0
Male,45.0,50.0,1995,1996,0.0,0.0,0.0,1.0
Male,45.0,50.0,1996,1997,0.0,0.0,0.0,1.0
Male,45.0,50.0,1997,1998,0.0,0.0,0.0,1.0
Male,45.0,50.0,1998,1999,0.0,0.0,0.0,1.0
Male,45.0,50.0,1999,2000,0.0,0.0,0.0,1.0
Male,45.0,50.0,2000,2001,0.0,0.0,0.0,1.0
Male,45.0,50.0,2001,2002,0.0,0.0,0.0,1.0
Male,45.0,50.0,2002,2003,0.0,0.0,0.0,1.0
Male,45.0,50.0,2003,2004,0.0,0.0,0.0,1.0
Male,45.0,50.0,2004,2005,0.0,0.0,0.0,1.0
Male,45.0,50.0,2005,2006,0.0,0.0,0.0,1.0
Male,45.0,50.0,2006,2007,0.0,0.0,0.0,1.0
Male,45.0,50.0,2007,2008,0.0,0.0,0.0,1.0
Male,45.0,50.0,2008,2009,0.0,0.0,0.0,1.0
Male,45.0,50.0,2009,2010,0.0,0.0,0.0,1.0
Male,45.0,50.0,2010,2011,0.0,0.0,0.0,1.0
Male,45.0,50.0,2011,2012,0.0,0.0,0.0,1.0
Male,45.0,50.0,2012,2013,0.0,0.0,0.0,1.0
Male,45.0,50.0,2013,2014,0.0,0.0,0.0,1.0
Male,45.0,50.0,2014,2015,0.0,0.0,0.0,1.0
Male,45.0,50.0,2015,2016,0.0,0.0,0.0,1.0
Male,45.0,50.0,2016,2017,0.0,0.0,0.0,1.0
Male,45.0,50.0,2017,2018,0.0,0.0,0.0,1.0
Male,45.0,50.0,2018,2019,0.0,0.0,0.0,1.0
Male,45.0,50.0,2019,2020,0.0,0.0,0.0,1.0
Male,50.0,55.0,1990,1991,0.0,0.0,0.0,1.0
Male,50.0,55.0,1991,1992,0.0,0.0,0.0,1.0
Male,50.0,55.0,1992,1993,0.0,0.0,0.0,1.0
Male,50.0,55.0,1993,1994,0.0,0.0,0.0,1.0
Male,50.0,55.0,1994,1995,0.0,0.0,0.0,1.0
Male,50.0,55.0,1995,1996,0.0,0.0,0.0,1.0
Male,50.0,55.0,1996,1997,0.0,0.0,0.0,1.0
Male,50.0,55.0,1997,1998,0.0,0.0,0.0,1.0
Male,50.0,55.0,1998,1999,0.0,0.0,0.0,1.0
Male,50.0,55.0,1999,2000,0.0,0.0,0.0,1.0
Male,50.0,55.0,2000,2001,0.0,0.0,0.0,1.0
Male,50.0,55.0,2001,2002,0.0,0.0,0.0,1.0
Male,50.0,55.0,2002,2003,0.0,0.0,0.0,1.0
Male,50.0,55.0,2003,2004,0.0,0.0,0.0,1.0
Male,50.0,55.0,2004,2005,0.0,0.0,0.0,1.0
Male,50.0,55.0,2005,2006,0.0,0.0,0.0,1.0
Male,50.0,55.0,2006,2007,0.0,0.0,0.0,1.0
Male,50.0,55.0,2007,2008,0.0,0.0,0.0,1.0
Male,50.0,55.0,2008,2009,0.0,0.0,0.0,1.0
Male,50.0,55.0,2009,2010,0.0,0.0,0.0,1.0
Male,50.0,55.0,2010,2011,0.0,0.0,0.0,1.0
Male,50.0,55.0,2011,2012,0.0,0.0,0.0,1.0
Male,50.0,55.0,2012,2013,0.0,0.0,0.0,1.0
Male,50.0,55.0,2013,2014,0.0,0.0,0.0,1.0
Male,50.0,55.0,2014,2015,0.0,0.0,0.0,1.0
Male,50.0,55.0,2015,2016,0.0,0.0,0.0,1.0
Male,50.0,55.0,2016,2017,0.0,0.0,0.0,1.0
Male,50.0,55.0,2017,2018,0.0,0.0,0.0,1.0
Male,50.0,55.0,2018,2019,0.0,0.0,0.0,1.0
Male,50.0,55.0,2019,2020,0.0,0.0,0.0,1.0
Male,55.0,60.0,1990,1991,0.0,0.0,0.0,1.0
Male,55.0,60.0,1991,1992,0.0,0.0,0.0,1.0
Male,55.0,60.0,1992,1993,0.0,0.0,0.0,1.0
Male,55.0,60.0,1993,1994,0.0,0.0,0.0,1.0
Male,55.0,60.0,1994,1995,0.0,0.0,0.0,1.0
Male,55.0,60.0,1995,1996,0.0,0.0,0.0,1.0
Male,55.0,60.0,1996,1997,0.0,0.0,0.0,1.0
Male,55.0,60.0,1997,1998,0.0,0.0,0.0,1.0
Male,55.0,60.0,1998,1999,0.0,0.0,0.0,1.0
Male,55.0,60.0,1999,2000,0.0,0.0,0.0,1.0
Male,55.0,60.0,2000,2001,0.0,0.0,0.0,1.0
Male,55.0,60.0,2001,2002,0.0,0.0,0.0,1.0
Male,55.0,60.0,2002,2003,0.0,0.0,0.0,1.0
Male,55.0,60.0,2003,2004,0.0,0.0,0.0,1.0
Male,55.0,60.0,2004,2005,0.0,0.0,0.0,1.0
Male,55.0,60.0,2005,2006,0.0,0.0,0.0,1.0
Male,55.0,60.0,2006,2007,0.0,0.0,0.0,1.0
Male,55.0,60.0,2007,2008,0.0,0.0,0.0,1.0
Male,55.0,60.0,2008,2009,0.0,0.0,0.0,1.0
Male,55.0,60.0,2009,2010,0.0,0.0,0.0,1.0
Male,55.0,60.0,2010,2011,0.0,0.0,0.0,1.0
Male,55.0,60.0,2011,2012,0.0,0.0,0.0,1.0
Male,55.0,60.0,2012,2013,0.0,0.0,0.0,1.0
Male,55.0,60.0,2013,2014,0.0,0.0,0.0,1.0
Male,55.0,60.0,2014,2015,0.0,0.0,0.0,1.0
Male,55.0,60.0,2015,2016,0.0,0.0,0.0,1.0
Male,55.0,60.0,2016,2017,0.0,0.0,0.0,1.0
Male,55.0,60.0,2017,2018,0.0,0.0,0.0,1.0
Male,55.0,60.0,2018,2019,0.0,0.0,0.0,1.0
Male,55.0,60.0,2019,2020,0.0,0.0,0.0,1.0
Male,60.0,65.0,1990,1991,0.0,0.0,0.0,1.0
Male,60.0,65.0,1991,1992,0.0,0.0,0.0,1.0
Male,60.0,65.0,1992,1993,0.0,0.0,0.0,1.0
Male,60.0,65.0,1993,1994,0.0,0.0,0.0,1.0
Male,60.0,65.0,1994,1995,0.0,0.0,0.0,1.0
Male,60.0,65.0,1995,1996,0.0,0.0,0.0,1.0
Male,60.0,65.0,1996,1997,0.0,0.0,0.0,1.0
Male,60.0,65.0,1997,1998,0.0,0.0,0.0,1.0
Male,60.0,65.0,1998,1999,0.0,0.0,0.0,1.0
Male,60.0,65.0,1999,2000,0.0,0.0,0.0,1.0
Male,60.0,65.0,2000,2001,0.0,0.0,0.0,1.0
Male,60.0,65.0,2001,2002,0.0,0.0,0.0,1.0
Male,60.0,65.0,2002,2003,0.0,0.0,0.0,1.0
Male,60.0,65.0,2003,2004,0.0,0.0,0.0,1.0
Male,60.0,65.0,2004,2005,0.0,0.0,0.0,1.0
Male,60.0,65.0,2005,2006,0.0,0.0,0.0,1.0
Male,60.0,65.0,2006,2007,0.0,0.0,0.0,1.0
Male,60.0,65.0,2007,2008,0.0,0.0,0.0,1.0
Male,60.0,65.0,2008,2009,0.0,0.0,0.0,1.0
Male,60.0,65.0,2009,2010,0.0,0.0,0.0,1.0
Male,60.0,65.0,2010,2011,0.0,0.0,0.0,1.0
Male,60.0,65.0,2011,2012,0.0,0.0,0.0,1.0
Male,60.0,65.0,2012,2013,0.0,0.0,0.0,1.0
Male,60.0,65.0,2013,2014,0.0,0.0,0.0,1.0
Male,60.0,65.0,2014,2015,0.0,0.0,0.0,1.0
Male,60.0,65.0,2015,2016,0.0,0.0,0.0,1.0
Male,60.0,65.0,2016,2017,0.0,0.0,0.0,1.0
Male,60.0,65.0,2017,2018,0.0,0.0,0.0,1.0
Male,60.0,65.0,2018,2019,0.0,0.0,0.0,1.0
Male,60.0,65.0,2019,2020,0.0,0.0,0.0,1.0
Male,65.0,70.0,1990,1991,0.0,0.0,0.0,1.0
Male,65.0,70.0,1991,1992,0.0,0.0,0.0,1.0
Male,65.0,70.0,1992,1993,0.0,0.0,0.0,1.0
Male,65.0,70.0,1993,1994,0.0,0.0,0.0,1.0
Male,65.0,70.0,1994,1995,0.0,0.0,0.0,1.0
Male,65.0,70.0,1995,1996,0.0,0.0,0.0,1.0
Male,65.0,70.0,1996,1997,0.0,0.0,0.0,1.0
Male,65.0,70.0,1997,1998,0.0,0.0,0.0,1.0
Male,65.0,70.0,1998,1999,0.0,0.0,0.0,1.0
Male,65.0,70.0,1999,2000,0.0,0.0,0.0,1.0
Male,65.0,70.0,2000,2001,0.0,0.0,0.0,1.0
Male,65.0,70.0,2001,2002,0.0,0.0,0.0,1.0
Male,65.0,70.0,2002,2003,0.0,0.0,0.0,1.0
Male,65.0,70.0,2003,2004,0.0,0.0,0.0,1.0
Male,65.0,70.0,2004,2005,0.0,0.0,0.0,1.0
Male,65.0,70.0,2005,2006,0.0,0.0,0.0,1.0
Male,65.0,70.0,2006,2007,0.0,0.0,0.0,1.0
Male,65.0,70.0,2007,2008,0.0,0.0,0.0,1.0
Male,65.0,70.0,2008,2009,0.0,0.0,0.0,1.0
Male,65.0,70.0,2009,2010,0.0,0.0,0.0,1.0
Male,65.0,70.0,2010,2011,0.0,0.0,0.0,1.0
Male,65.0,70.0,2011,2012,0.0,0.0,0.0,1.0
Male,65.0,70.0,2012,2013,0.0,0.0,0.0,1.0
Male,65.0,70.0,2013,2014,0.0,0.0,0.0,1.0
Male,65.0,70.0,2014,2015,0.0,0.0,0.0,1.0
Male,65.0,70.0,2015,2016,0.0,0.0,0.0,1.0
Male,65.0,70.0,2016,2017,0.0,0.0,0.0,1.0
Male,65.0,70.0,2017,2018,0.0,0.0,0.0,1.0
Male,65.0,70.0,2018,2019,0.0,0.0,0.0,1.0
Male,65.0,70.0,2019,2020,0.0,0.0,0.0,1.0
Male,70.0,75.0,1990,1991,0.0,0.0,0.0,1.0
Male,70.0,75.0,1991,1992,0.0,0.0,0.0,1.0
Male,70.0,75.0,1992,1993,0.0,0.0,0.0,1.0
Male,70.0,75.0,1993,1994,0.0,0.0,0.0,1.0
Male,70.0,75.0,1994,1995,0.0,0.0,0.0,1.0
Male,70.0,75.0,1995,1996,0.0,0.0,0.0,1.0
Male,70.0,75.0,1996,1997,0.0,0.0,0.0,1.0
Male,70.0,75.0,1997,1998,0.0,0.0,0.0,1.0
Male,70.0,75.0,1998,1999,0.0,0.0,0.0,1.0
Male,70.0,75.0,1999,2000,0.0,0.0,0.0,1.0
Male,70.0,75.0,2000,2001,0.0,0.0,0.0,1.0
Male,70.0,75.0,2001,2002,0.0,0.0,0.0,1.0
Male,70.0,75.0,2002,2003,0.0,0.0,0.0,1.0
Male,70.0,75.0,2003,2004,0.0,0.0,0.0,1.0
Male,70.0,75.0,2004,2005,0.0,0.0,0.0,1.0
Male,70.0,75.0,2005,2006,0.0,0.0,0.0,1.0
Male,70.0,75.0,2006,2007,0.0,0.0,0.0,1.0
Male,70.0,75.0,2007,2008,0.0,0.0,0.0,1.0
Male,70.0,75.0,2008,2009,0.0,0.0,0.0,1.0
Male,70.0,75.0,2009,2010,0.0,0.0,0.0,1.0
Male,70.0,75.0,2010,2011,0.0,0.0,0.0,1.0
Male,70.0,75.0,2011,2012,0.0,0.0,0.0,1.0
Male,70.0,75.0,2012,2013,0.0,0.0,0.0,1.0
Male,70.0,75.0,2013,2014,0.0,0.0,0.0,1.0
Male,70.0,75.0,2014,2015,0.0,0.0,0.0,1.0
Male,70.0,75.0,2015,2016,0.0,0.0,0.0,1.0
Male,70.0,75.0,2016,2017,0.0,0.0,0.0,1.0
Male,70.0,75.0,2017,2018,0.0,0.0,0.0,1.0
Male,70.0,75.0,2018,2019,0.0,0.0,0.0,1.0
Male,70.0,75.0,2019,2020,0.0,0.0,0.0,1.0
Male,75.0,80.0,1990,1991,0.0,0.0,0.0,1.0
Male,75.0,80.0,1991,1992,0.0,0.0,0.0,1.0
Male,75.0,80.0,1992,1993,0.0,0.0,0.0,1.0
Male,75.0,80.0,1993,1994,0.0,0.0,0.0,1.0
Male,75.0,80.0,1994,1995,0.0,0.0,0.0,1.0
Male,75.0,80.0,1995,1996,0.0,0.0,0.0,1.0
Male,75.0,80.0,1996,1997,0.0,0.0,0.0,1.0
Male,75.0,80.0,1997,1998,0.0,0.0,0.0,1.0
Male,75.0,80.0,1998,1999,0.0,0.0,0.0,1.0
Male,75.0,80.0,1999,2000,0.0,0.0,0.0,1.0
Male,75.0,80.0,2000,2001,0.0,0.0,0.0,1.0
Male,75.0,80.0,2001,2002,0.0,0.0,0.0,1.0
Male,75.0,80.0,2002,2003,0.0,0.0,0.0,1.0
Male,75.0,80.0,2003,2004,0.0,0.0,0.0,1.0
Male,75.0,80.0,2004,2005,0.0,0.0,0.0,1.0
Male,75.0,80.0,2005,2006,0.0,0.0,0.0,1.0
Male,75.0,80.0,2006,2007,0.0,0.0,0.0,1.0
Male,75.0,80.0,2007,2008,0.0,0.0,0.0,1.0
Male,75.0,80.0,2008,2009,0.0,0.0,0.0,1.0
Male,75.0,80.0,2009,2010,0.0,0.0,0.0,1.0
Male,75.0,80.0,2010,2011,0.0,0.0,0.0,1.0
Male,75.0,80.0,2011,2012,0.0,0.0,0.0,1.0
Male,75.0,80.0,2012,2013,0.0,0.0,0.0,1.0
Male,75.0,80.0,2013,2014,0.0,0.0,0.0,1.0
Male,75.0,80.0,2014,2015,0.0,0.0,0.0,1.0
Male,75.0,80.0,2015,2016,0.0,0.0,0.0,1.0
Male,75.0,80.0,2016,2017,0.0,0.0,0.0,1.0
Male,75.0,80.0,2017,2018,0.0,0.0,0.0,1.0
Male,75.0,80.0,2018,2019,0.0,0.0,0.0,1.0
Male,75.0,80.0,2019,2020,0.0,0.0,0.0,1.0
Male,80.0,85.0,1990,1991,0.0,0.0,0.0,1.0
Male,80.0,85.0,1991,1992,0.0,0.0,0.0,1.0
Male,80.0,85.0,1992,1993,0.0,0.0,0.0,1.0
Male,80.0,85.0,1993,1994,0.0,0.0,0.0,1.0
Male,80.0,85.0,1994,1995,0.0,0.0,0.0,1.0
Male,80.0,85.0,1995,1996,0.0,0.0,0.0,1.0
Male,80.0,85.0,1996,1997,0.0,0.0,0.0,1.0
Male,80.0,85.0,1997,1998,0.0,0.0,0.0,1.0
Male,80.0,85.0,1998,1999,0.0,0.0,0.0,1.0
Male,80.0,85.0,1999,2000,0.0,0.0,0.0,1.0
Male,80.0,85.0,2000,2001,0.0,0.0,0.0,1.0
Male,80.0,85.0,2001,2002,0.0,0.0,0.0,1.0
Male,80.0,85.0,2002,2003,0.0,0.0,0.0,1.0
Male,80.0,85.0,2003,2004,0.0,0.0,0.0,1.0
Male,80.0,85.0,2004,2005,0.0,0.0,0.0,1.0
Male,80.0,85.0,2005,2006,0.0,0.0,0.0,1.0
Male,80.0,85.0,2006,2007,0.0,0.0,0.0,1.0
Male,80.0,85.0,2007,2008,0.0,0.0,0.0,1.0
Male,80.0,85.0,2008,2009,0.0,0.0,0.0,1.0
Male,80.0,85.0,2009,2010,0.0,0.0,0.0,1.0
Male,80.0,85.0,2010,2011,0.0,0.0,0.0,1.0
Male,80.0,85.0,2011,2012,0.0,0.0,0.0,1.0
Male,80.0,85.0,2012,2013,0.0,0.0,0.0,1.0
Male,80.0,85.0,2013,2014,0.0,0.0,0.0,1.0
Male,80.0,85.0,2014,2015,0.0,0.0,0.0,1.0
Male,80.0,85.0,2015,2016,0.0,0.0,0.0,1.0
Male,80.0,85.0,2016,2017,0.0,0.0,0.0,1.0
Male,80.0,85.0,2017,2018,0.0,0.0,0.0,1.0
Male,80.0,85.0,2018,2019,0.0,0.0,0.0,1.0
Male,80.0,85.0,2019,2020,0.0,0.0,0.0,1.0
Male,85.0,90.0,1990,1991,0.0,0.0,0.0,1.0
Male,85.0,90.0,1991,1992,0.0,0.0,0.0,1.0
Male,85.0,90.0,1992,1993,0.0,0.0,0.0,1.0
Male,85.0,90.0,1993,1994,0.0,0.0,0.0,1.0
Male,85.0,90.0,1994,1995,0.0,0.0,0.0,1.0
Male,85.0,90.0,1995,1996,0.0,0.0,0.0,1.0
Male,85.0,90.0,1996,1997,0.0,0.0,0.0,1.0
Male,85.0,90.0,1997,1998,0.0,0.0,0.0,1.0
Male,85.0,90.0,1998,1999,0.0,0.0,0.0,1.0
Male,85.0,90.0,1999,2000,0.0,0.0,0.0,1.0
Male,85.0,90.0,2000,2001,0.0,0.0,0.0,1.0
Male,85.0,90.0,2001,2002,0.0,0.0,0.0,1.0
Male,85.0,90.0,2002,2003,0.0,0.0,0.0,1.0
Male,85.0,90.0,2003,2004,0.0,0.0,0.0,1.0
Male,85.0,90.0,2004,2005,0.0,0.0,0.0,1.0
Male,85.0,90.0,2005,2006,0.0,0.0,0.0,1.0
Male,85.0,90.0,2006,2007,0.0,0.0,0.0,1.0
Male,85.0,90.0,2007,2008,0.0,0.0,0.0,1.0
Male,85.0,90.0,2008,2009,0.0,0.0,0.0,1.0
Male,85.0,90.0,2009,2010,0.0,0.0,0.0,1.0
Male,85.0,90.0,2010,2011,0.0,0.0,0.0,1.0
Male,85.0,90.0,2011,2012,0.0,0.0,0.0,1.0
Male,85.0,90.0,2012,2013,0.0,0.0,0.0,1.0
Male,85.0,90.0,2013,2014,0.0,0.0,0.0,1.0
Male,85.0,90.0,2014,2015,0.0,0.0,0.0,1.0
Male,85.0,90.0,2015,2016,0.0,0.0,0.0,1.0
Male,85.0,90.0,2016,2017,0.0,0.0,0.0,1.0
Male,85.0,90.0,2017,2018,0.0,0.0,0.0,1.0
Male,85.0,90.0,2018,2019,0.0,0.0,0.0,1.0
Male,85.0,90.0,2019,2020,0.0,0.0,0.0,1.0
Male,90.0,95.0,1990,1991,0.0,0.0,0.0,1.0
Male,90.0,95.0,1991,1992,0.0,0.0,0.0,1.0
Male,90.0,95.0,1992,1993,0.0,0.0,0.0,1.0
Male,90.0,95.0,1993,1994,0.0,0.0,0.0,1.0
Male,90.0,95.0,1994,1995,0.0,0.0,0.0,1.0
Male,90.0,95.0,1995,1996,0.0,0.0,0.0,1.0
Male,90.0,95.0,1996,1997,0.0,0.0,0.0,1.0
Male,90.0,95.0,1997,1998,0.0,0.0,0.0,1.0
Male,90.0,95.0,1998,1999,0.0,0.0,0.0,1.0
Male,90.0,95.0,1999,2000,0.0,0.0,0.0,1.0
Male,90.0,95.0,2000,2001,0.0,0.0,0.0,1.0
Male,90.0,95.0,2001,2002,0.0,0.0,0.0,1.0
Male,90.0,95.0,2002,2003,0.0,0.0,0.0,1.0
Male,90.0,95.0,2003,2004,0.0,0.0,0.0,1.0
Male,90.0,95.0,2004,2005,0.0,0.0,0.0,1.0
Male,90.0,95.0,2005,2006,0.0,0.0,0.0,1.0
Male,90.0,95.0,2006,2007,0.0,0.0,0.0,1.0
Male,90.0,95.0,2007,2008,0.0,0.0,0.0,1.0
Male,90.0,95.0,2008,2009,0.0,0.0,0.0,1.0
Male,90.0,95.0,2009,2010,0.0,0.0,0.0,1.0
Male,90.0,95.0,2010,2011,0.0,0.0,0.0,1.0
Male,90.0,95.0,2011,2012,0.0,0.0,0.0,1.0
Male,90.0,95.0,2012,2013,0.0,0.0,0.0,1.0
Male,90.0,95.0,2013,2014,0.0,0.0,0.0,1.0
Male,90.0,95.0,2014,2015,0.0,0.0,0.0,1.0
Male,90.0,95.0,2015,2016,0.0,0.0,0.0,1.0
Male,90.0,95.0,2016,2017,0.0,0.0,0.0,1.0
Male,90.0,95.0,2017,2018,0.0,0.0,0.0,1.0
Male,90.0,95.0,2018,2019,0.0,0.0,0.0,1.0
Male,90.0,95.0,2019,2020,0.0,0.0,0.0,1.0
Male,95.0,125.0,1990,1991,0.0,0.0,0.0,1.0
Male,95.0,125.0,1991,1992,0.0,0.0,0.0,1.0
Male,95.0,125.0,1992,1993,0.0,0.0,0.0,1.0
Male,95.0,125.0,1993,1994,0.0,0.0,0.0,1.0
Male,95.0,125.0,1994,1995,0.0,0.0,0.0,1.0
Male,95.0,125.0,1995,1996,0.0,0.0,0.0,1.0
Male,95.0,125.0,1996,1997,0.0,0.0,0.0,1.0
Male,95.0,125.0,1997,1998,0.0,0.0,0.0,1.0
Male,95.0,125.0,1998,1999,0.0,0.0,0.0,1.0
Male,95.0,125.0,1999,2000,0.0,0.0,0.0,1.0
Male,95.0,125.0,2000,2001,0.0,0.0,0.0,1.0
Male,95.0,125.0,2001,2002,0.0,0.0,0.0,1.0
Male,95.0,125.0,2002,2003,0.0,0.0,0.0,1.0
Male,95.0,125.0,2003,2004,0.0,0.0,0.0,1.0
Male,95.0,125.0,2004,2005,0.0,0.0,0.0,1.0
Male,95.0,125.0,2005,2006,0.0,0.0,0.0,1.0
Male,95.0,125.0,2006,2007,0.0,0.0,0.0,1.0
Male,95.0,125.0,2007,2008,0.0,0.0,0.0,1.0
Male,95.0,125.0,2008,2009,0.0,0.0,0.0,1.0
Male,95.0,125.0,2009,2010,0.0,0.0,0.0,1.0
Male,95.0,125.0,2010,2011,0.0,0.0,0.0,1.0
Male,95.0,125.0,2011,2012,0.0,0.0,0.0,1.0
Male,95.0,125.0,2012,2013,0.0,0.0,0.0,1.0
Male,95.0,125.0,2013,2014,0.0,0.0,0.0,1.0
Male,95.0,125.0,2014,2015,0.0,0.0,0.0,1.0
Male,95.0,125.0,2015,2016,0.0,0.0,0.0,1.0
Male,95.0,125.0,2016,2017,0.0,0.0,0.0,1.0
Male,95.0,125.0,2017,2018,0.0,0.0,0.0,1.0
Male,95.0,125.0,2018,2019,0.0,0.0,0.0,1.0
Male,95.0,125.0,2019,2020,0.0,0.0,0.0,1.0
